<?xml version="1.0" encoding="UTF-8"?>

<ValueSet xmlns="http://hl7.org/fhir">
  <id value="HIV.B.DE256"/>
  <meta>
    <profile value="http://hl7.org/fhir/uv/crmi/StructureDefinition/crmi-shareablevalueset"/>
    <profile value="http://hl7.org/fhir/uv/crmi/StructureDefinition/crmi-publishablevalueset"/>
    <profile value="http://hl7.org/fhir/uv/crmi/StructureDefinition/crmi-computablevalueset"/>
  </meta>
  <text>
    <status value="extensions"/><div xmlns="http://www.w3.org/1999/xhtml"><p class="res-header-id"><b>Generated Narrative: ValueSet HIV.B.DE256</b></p><a name="HIV.B.DE256"> </a><a name="hcHIV.B.DE256"> </a><a name="hcHIV.B.DE256-en-US"> </a><ul><li>Include these codes as defined in <a href="CodeSystem-HIVConcepts.html"><code>http://smart.who.int/hiv/CodeSystem/HIVConcepts</code></a><table class="none"><tr><td style="white-space:nowrap"><b>Code</b></td><td><b>Display</b></td><td><b>Definition</b></td></tr><tr><td><a href="CodeSystem-HIVConcepts.html#HIVConcepts-HIV.46B.46DE257">HIV.B.DE257</a></td><td>Positive</td><td>Test result is positive for Neisseria gonorrhoeae</td></tr><tr><td><a href="CodeSystem-HIVConcepts.html#HIVConcepts-HIV.46B.46DE258">HIV.B.DE258</a></td><td>Negative</td><td>Test result is negative for Neisseria gonorrhoeae</td></tr><tr><td><a href="CodeSystem-HIVConcepts.html#HIVConcepts-HIV.46B.46DE259">HIV.B.DE259</a></td><td>Inconclusive</td><td>Test result is inconclusive</td></tr></table></li></ul></div>
  </text>
  <url value="http://smart.who.int/hiv/ValueSet/HIV.B.DE256"/>
  <version value="0.1.0"/>
  <name value="HIVBDE256"/>
  <title value="Gonorrhoea test result ValueSet"/>
  <status value="active"/>
  <experimental value="true"/>
  <date value="2024-06-29T18:14:02+00:00"/>
  <publisher value="WHO"/>
  <contact>
    <name value="WHO"/>
    <telecom>
      <system value="url"/>
      <value value="http://who.int"/>
    </telecom>
  </contact>
  <description value="Value set of result from Gonorrhoea test"/>
  <compose>
    <include>
      <system value="http://smart.who.int/hiv/CodeSystem/HIVConcepts"/>
      <concept>
        <code value="HIV.B.DE257"/>
        <display value="Positive"/>
      </concept>
      <concept>
        <code value="HIV.B.DE258"/>
        <display value="Negative"/>
      </concept>
      <concept>
        <code value="HIV.B.DE259"/>
        <display value="Inconclusive"/>
      </concept>
    </include>
  </compose>
</ValueSet>