<?xml version="1.0" encoding="UTF-8"?>

<ValueSet xmlns="http://hl7.org/fhir">
  <id value="HIV.C.DE24"/>
  <meta>
    <profile value="http://hl7.org/fhir/uv/crmi/StructureDefinition/crmi-shareablevalueset"/>
    <profile value="http://hl7.org/fhir/uv/crmi/StructureDefinition/crmi-publishablevalueset"/>
    <profile value="http://hl7.org/fhir/uv/crmi/StructureDefinition/crmi-computablevalueset"/>
  </meta>
  <text>
    <status value="extensions"/><div xmlns="http://www.w3.org/1999/xhtml"><p class="res-header-id"><b>Generated Narrative: ValueSet HIV.C.DE24</b></p><a name="HIV.C.DE24"> </a><a name="hcHIV.C.DE24"> </a><a name="hcHIV.C.DE24-en-US"> </a><ul><li>Include these codes as defined in <a href="CodeSystem-HIVConcepts.html"><code>http://smart.who.int/hiv/CodeSystem/HIVConcepts</code></a><table class="none"><tr><td style="white-space:nowrap"><b>Code</b></td><td><b>Display</b></td><td><b>Definition</b></td></tr><tr><td><a href="CodeSystem-HIVConcepts.html#HIVConcepts-HIV.46C.46DE25">HIV.C.DE25</a></td><td>First-time user</td><td>The client has never used pre-exposure prophylaxis (PrEP) before (naive)</td></tr><tr><td><a href="CodeSystem-HIVConcepts.html#HIVConcepts-HIV.46C.46DE26">HIV.C.DE26</a></td><td>Continuing user</td><td>The client has used PrEP before and is continuing to use PrEP</td></tr><tr><td><a href="CodeSystem-HIVConcepts.html#HIVConcepts-HIV.46C.46DE27">HIV.C.DE27</a></td><td>Restarting following a period of not taking PrEP</td><td>The client is restarting PrEP following a period of not taking PrEP</td></tr></table></li></ul></div>
  </text>
  <url value="http://smart.who.int/hiv/ValueSet/HIV.C.DE24"/>
  <version value="0.1.0"/>
  <name value="HIVCDE24"/>
  <title value="Experience with PrEP ValueSet"/>
  <status value="active"/>
  <experimental value="true"/>
  <date value="2024-06-29T17:44:13+00:00"/>
  <publisher value="WHO"/>
  <contact>
    <name value="WHO"/>
    <telecom>
      <system value="url"/>
      <value value="http://who.int"/>
    </telecom>
  </contact>
  <description value="Value set of the client's experience in taking PrEP"/>
  <compose>
    <include>
      <system value="http://smart.who.int/hiv/CodeSystem/HIVConcepts"/>
      <concept>
        <code value="HIV.C.DE25"/>
        <display value="First-time user"/>
      </concept>
      <concept>
        <code value="HIV.C.DE26"/>
        <display value="Continuing user"/>
      </concept>
      <concept>
        <code value="HIV.C.DE27"/>
        <display value="Restarting following a period of not taking PrEP"/>
      </concept>
    </include>
  </compose>
</ValueSet>