<?xml version="1.0" encoding="UTF-8"?>

<ValueSet xmlns="http://hl7.org/fhir">
  <id value="HIV.D.DE1"/>
  <meta>
    <profile value="http://hl7.org/fhir/uv/crmi/StructureDefinition/crmi-shareablevalueset"/>
    <profile value="http://hl7.org/fhir/uv/crmi/StructureDefinition/crmi-publishablevalueset"/>
    <profile value="http://hl7.org/fhir/uv/crmi/StructureDefinition/crmi-computablevalueset"/>
  </meta>
  <text>
    <status value="extensions"/><div xmlns="http://www.w3.org/1999/xhtml"><p class="res-header-id"><b>Generated Narrative: ValueSet HIV.D.DE1</b></p><a name="HIV.D.DE1"> </a><a name="hcHIV.D.DE1"> </a><a name="hcHIV.D.DE1-en-US"> </a><ul><li>Include these codes as defined in <a href="CodeSystem-HIVConcepts.html"><code>http://smart.who.int/hiv/CodeSystem/HIVConcepts</code></a><table class="none"><tr><td style="white-space:nowrap"><b>Code</b></td><td><b>Display</b></td><td><b>Definition</b></td></tr><tr><td><a href="CodeSystem-HIVConcepts.html#HIVConcepts-HIV.46D.46DE2">HIV.D.DE2</a></td><td>First clinical visit</td><td>The client's first appointment for clinical care by a provider at the facility</td></tr><tr><td><a href="CodeSystem-HIVConcepts.html#HIVConcepts-HIV.46D.46DE3">HIV.D.DE3</a></td><td>Clinical visit</td><td>Appointment for clinical care by a provider</td></tr><tr><td><a href="CodeSystem-HIVConcepts.html#HIVConcepts-HIV.46D.46DE4">HIV.D.DE4</a></td><td>ART initiation</td><td>Appointment for initiation of ART</td></tr><tr><td><a href="CodeSystem-HIVConcepts.html#HIVConcepts-HIV.46D.46DE5">HIV.D.DE5</a></td><td>ART drug pick up</td><td>Appointment for an antiretroviral drug pick up</td></tr><tr><td><a href="CodeSystem-HIVConcepts.html#HIVConcepts-HIV.46D.46DE6">HIV.D.DE6</a></td><td>Issues and concerns</td><td>Visit to address issues and concerns</td></tr><tr><td><a href="CodeSystem-HIVConcepts.html#HIVConcepts-HIV.46D.46DE7">HIV.D.DE7</a></td><td>Post-treatment follow-up visit for cervical precancer lesions or invasive cervical cancer</td><td>Appointment for a post-treatment follow-up visit for cervical precancer lesions or invasive cervical cancer</td></tr></table></li></ul></div>
  </text>
  <url value="http://smart.who.int/hiv/ValueSet/HIV.D.DE1"/>
  <version value="0.1.0"/>
  <name value="HIVDDE1"/>
  <title value="Reason for visit ValueSet"/>
  <status value="active"/>
  <experimental value="true"/>
  <date value="2024-06-29T17:44:13+00:00"/>
  <publisher value="WHO"/>
  <contact>
    <name value="WHO"/>
    <telecom>
      <system value="url"/>
      <value value="http://who.int"/>
    </telecom>
  </contact>
  <description value="Value set of whether visit was scheduled or unscheduled, clinical only, or for ARV drug pick-up"/>
  <compose>
    <include>
      <system value="http://smart.who.int/hiv/CodeSystem/HIVConcepts"/>
      <concept>
        <code value="HIV.D.DE2"/>
        <display value="First clinical visit"/>
      </concept>
      <concept>
        <code value="HIV.D.DE3"/>
        <display value="Clinical visit"/>
      </concept>
      <concept>
        <code value="HIV.D.DE4"/>
        <display value="ART initiation"/>
      </concept>
      <concept>
        <code value="HIV.D.DE5"/>
        <display value="ART drug pick up"/>
      </concept>
      <concept>
        <code value="HIV.D.DE6"/>
        <display value="Issues and concerns"/>
      </concept>
      <concept>
        <code value="HIV.D.DE7"/>
        <display value="Post-treatment follow-up visit for cervical precancer lesions or invasive cervical cancer"/>
      </concept>
    </include>
  </compose>
</ValueSet>