<?xml version="1.0" encoding="UTF-8"?>

<ValueSet xmlns="http://hl7.org/fhir">
  <id value="HIV.C.DE31"/>
  <meta>
    <profile value="http://hl7.org/fhir/uv/crmi/StructureDefinition/crmi-shareablevalueset"/>
    <profile value="http://hl7.org/fhir/uv/crmi/StructureDefinition/crmi-publishablevalueset"/>
    <profile value="http://hl7.org/fhir/uv/crmi/StructureDefinition/crmi-computablevalueset"/>
  </meta>
  <text>
    <status value="extensions"/><div xmlns="http://www.w3.org/1999/xhtml"><p class="res-header-id"><b>Generated Narrative: ValueSet HIV.C.DE31</b></p><a name="HIV.C.DE31"> </a><a name="hcHIV.C.DE31"> </a><a name="hcHIV.C.DE31-en-US"> </a><ul><li>Include these codes as defined in <a href="CodeSystem-HIVConcepts.html"><code>http://smart.who.int/hiv/CodeSystem/HIVConcepts</code></a><table class="none"><tr><td style="white-space:nowrap"><b>Code</b></td><td><b>Display</b></td><td><b>Definition</b></td></tr><tr><td><a href="CodeSystem-HIVConcepts.html#HIVConcepts-HIV.46C.46DE32">HIV.C.DE32</a></td><td>First-time user</td><td>The client has never used post-exposure prophylaxis (PEP) before</td></tr><tr><td><a href="CodeSystem-HIVConcepts.html#HIVConcepts-HIV.46C.46DE33">HIV.C.DE33</a></td><td>Repeat user</td><td>The client has used post-exposure prophylaxis (PEP) before</td></tr></table></li></ul></div>
  </text>
  <url value="http://smart.who.int/hiv/ValueSet/HIV.C.DE31"/>
  <version value="0.1.0"/>
  <name value="HIVCDE31"/>
  <title value="PEP history ValueSet"/>
  <status value="active"/>
  <experimental value="true"/>
  <date value="2024-06-29T18:14:02+00:00"/>
  <publisher value="WHO"/>
  <contact>
    <name value="WHO"/>
    <telecom>
      <system value="url"/>
      <value value="http://who.int"/>
    </telecom>
  </contact>
  <description value="Value set of the client's history in taking post-exposure prophylaxis (PEP) for HIV prevention"/>
  <compose>
    <include>
      <system value="http://smart.who.int/hiv/CodeSystem/HIVConcepts"/>
      <concept>
        <code value="HIV.C.DE32"/>
        <display value="First-time user"/>
      </concept>
      <concept>
        <code value="HIV.C.DE33"/>
        <display value="Repeat user"/>
      </concept>
    </include>
  </compose>
</ValueSet>