<?xml version="1.0" encoding="UTF-8"?>

<ValueSet xmlns="http://hl7.org/fhir">
  <id value="HIV.D.DE636"/>
  <meta>
    <profile value="http://hl7.org/fhir/uv/crmi/StructureDefinition/crmi-shareablevalueset"/>
    <profile value="http://hl7.org/fhir/uv/crmi/StructureDefinition/crmi-publishablevalueset"/>
    <profile value="http://hl7.org/fhir/uv/crmi/StructureDefinition/crmi-computablevalueset"/>
  </meta>
  <text>
    <status value="extensions"/><div xmlns="http://www.w3.org/1999/xhtml"><p class="res-header-id"><b>Generated Narrative: ValueSet HIV.D.DE636</b></p><a name="HIV.D.DE636"> </a><a name="hcHIV.D.DE636"> </a><a name="hcHIV.D.DE636-en-US"> </a><ul><li>Include these codes as defined in <a href="CodeSystem-HIVConcepts.html"><code>http://smart.who.int/hiv/CodeSystem/HIVConcepts</code></a><table class="none"><tr><td style="white-space:nowrap"><b>Code</b></td><td><b>Display</b></td><td><b>Definition</b></td></tr><tr><td><a href="CodeSystem-HIVConcepts.html#HIVConcepts-HIV.46D.46DE637">HIV.D.DE637</a></td><td>Stock-out</td><td>Stock-out of vaccine</td></tr><tr><td><a href="CodeSystem-HIVConcepts.html#HIVConcepts-HIV.46D.46DE638">HIV.D.DE638</a></td><td>Client is ill</td><td>Client is ill</td></tr><tr><td><a href="CodeSystem-HIVConcepts.html#HIVConcepts-HIV.46D.46DE639">HIV.D.DE639</a></td><td>Client refused</td><td>Client refused vaccine</td></tr><tr><td><a href="CodeSystem-HIVConcepts.html#HIVConcepts-HIV.46D.46DE640">HIV.D.DE640</a></td><td>Allergy to vaccine</td><td>Client has an allergy to the vaccine</td></tr><tr><td><a href="CodeSystem-HIVConcepts.html#HIVConcepts-HIV.46D.46DE641">HIV.D.DE641</a></td><td>Other reason immunization not provided</td><td>Other reason why the immunization was not provided</td></tr></table></li></ul></div>
  </text>
  <url value="http://smart.who.int/hiv/ValueSet/HIV.D.DE636"/>
  <version value="0.1.0"/>
  <name value="HIVDDE636"/>
  <title value="Reason immunization was not provided ValueSet"/>
  <status value="active"/>
  <experimental value="true"/>
  <date value="2024-06-29T17:44:13+00:00"/>
  <publisher value="WHO"/>
  <contact>
    <name value="WHO"/>
    <telecom>
      <system value="url"/>
      <value value="http://who.int"/>
    </telecom>
  </contact>
  <description value="Value set of reason the vaccine dose was not given"/>
  <compose>
    <include>
      <system value="http://smart.who.int/hiv/CodeSystem/HIVConcepts"/>
      <concept>
        <code value="HIV.D.DE637"/>
        <display value="Stock-out"/>
      </concept>
      <concept>
        <code value="HIV.D.DE638"/>
        <display value="Client is ill"/>
      </concept>
      <concept>
        <code value="HIV.D.DE639"/>
        <display value="Client refused"/>
      </concept>
      <concept>
        <code value="HIV.D.DE640"/>
        <display value="Allergy to vaccine"/>
      </concept>
      <concept>
        <code value="HIV.D.DE641"/>
        <display value="Other reason immunization not provided"/>
      </concept>
    </include>
  </compose>
</ValueSet>