<?xml version="1.0" encoding="UTF-8"?>

<ValueSet xmlns="http://hl7.org/fhir">
  <id value="HIV.D.DE391"/>
  <meta>
    <profile value="http://hl7.org/fhir/uv/crmi/StructureDefinition/crmi-shareablevalueset"/>
    <profile value="http://hl7.org/fhir/uv/crmi/StructureDefinition/crmi-publishablevalueset"/>
    <profile value="http://hl7.org/fhir/uv/crmi/StructureDefinition/crmi-computablevalueset"/>
  </meta>
  <text>
    <status value="extensions"/><div xmlns="http://www.w3.org/1999/xhtml"><p class="res-header-id"><b>Generated Narrative: ValueSet HIV.D.DE391</b></p><a name="HIV.D.DE391"> </a><a name="hcHIV.D.DE391"> </a><a name="hcHIV.D.DE391-en-US"> </a><ul><li>Include these codes as defined in <a href="CodeSystem-HIVConcepts.html"><code>http://smart.who.int/hiv/CodeSystem/HIVConcepts</code></a><table class="none"><tr><td style="white-space:nowrap"><b>Code</b></td><td><b>Display</b></td><td><b>Definition</b></td></tr><tr><td><a href="CodeSystem-HIVConcepts.html#HIVConcepts-HIV.46D.46DE392">HIV.D.DE392</a></td><td>Routine viral load test</td><td>Routine refers to viral load tests obtained at standard intervals following ART initiation to monitor viral load response to ART</td></tr><tr><td><a href="CodeSystem-HIVConcepts.html#HIVConcepts-HIV.46D.46DE393">HIV.D.DE393</a></td><td>Targeted viral load monitoring</td><td>Targeted refers to viral load tests obtained based on a specific clinical indication (such as concern about disease progression or failure to respond to ART)</td></tr><tr><td><a href="CodeSystem-HIVConcepts.html#HIVConcepts-HIV.46D.46DE394">HIV.D.DE394</a></td><td>Initial viral load test</td><td>The first viral load test of the client</td></tr><tr><td><a href="CodeSystem-HIVConcepts.html#HIVConcepts-HIV.46D.46DE395">HIV.D.DE395</a></td><td>Follow-up viral load test after receiving enhanced adherence counselling</td><td>A follow-up viral load test within 3-6 months after enhanced adherence counselling after client received a high viral load test result</td></tr></table></li></ul></div>
  </text>
  <url value="http://smart.who.int/hiv/ValueSet/HIV.D.DE391"/>
  <version value="0.1.0"/>
  <name value="HIVDDE391"/>
  <title value="Reason for HIV viral load test ValueSet"/>
  <status value="active"/>
  <experimental value="true"/>
  <date value="2024-06-29T18:14:02+00:00"/>
  <publisher value="WHO"/>
  <contact>
    <name value="WHO"/>
    <telecom>
      <system value="url"/>
      <value value="http://who.int"/>
    </telecom>
  </contact>
  <description value="Value set of whether the viral load is being tested for routine monitoring on a set schedule or for targeted monitoring for suspected treatment failure"/>
  <compose>
    <include>
      <system value="http://smart.who.int/hiv/CodeSystem/HIVConcepts"/>
      <concept>
        <code value="HIV.D.DE392"/>
        <display value="Routine viral load test"/>
      </concept>
      <concept>
        <code value="HIV.D.DE393"/>
        <display value="Targeted viral load monitoring"/>
      </concept>
      <concept>
        <code value="HIV.D.DE394"/>
        <display value="Initial viral load test"/>
      </concept>
      <concept>
        <code value="HIV.D.DE395"/>
        <display value="Follow-up viral load test after receiving enhanced adherence counselling"/>
      </concept>
    </include>
  </compose>
</ValueSet>