<?xml version="1.0" encoding="UTF-8"?>

<ValueSet xmlns="http://hl7.org/fhir">
  <id value="HIV.C.DE107"/>
  <meta>
    <profile value="http://hl7.org/fhir/uv/crmi/StructureDefinition/crmi-shareablevalueset"/>
    <profile value="http://hl7.org/fhir/uv/crmi/StructureDefinition/crmi-publishablevalueset"/>
    <profile value="http://hl7.org/fhir/uv/crmi/StructureDefinition/crmi-computablevalueset"/>
  </meta>
  <text>
    <status value="extensions"/><div xmlns="http://www.w3.org/1999/xhtml"><p class="res-header-id"><b>Generated Narrative: ValueSet HIV.C.DE107</b></p><a name="HIV.C.DE107"> </a><a name="hcHIV.C.DE107"> </a><a name="hcHIV.C.DE107-en-US"> </a><ul><li>Include these codes as defined in <a href="CodeSystem-HIVConcepts.html"><code>http://smart.who.int/hiv/CodeSystem/HIVConcepts</code></a><table class="none"><tr><td style="white-space:nowrap"><b>Code</b></td><td><b>Display</b></td><td><b>Definition</b></td></tr><tr><td><a href="CodeSystem-HIVConcepts.html#HIVConcepts-HIV.46C.46DE108">HIV.C.DE108</a></td><td>Male</td><td>Male client</td></tr><tr><td><a href="CodeSystem-HIVConcepts.html#HIVConcepts-HIV.46C.46DE109">HIV.C.DE109</a></td><td>Female</td><td>Female client</td></tr></table></li></ul></div>
  </text>
  <url value="http://smart.who.int/hiv/ValueSet/HIV.C.DE107"/>
  <version value="0.1.0"/>
  <name value="HIVCDE107"/>
  <title value="Sex factor for estimating creatinine clearance ValueSet"/>
  <status value="active"/>
  <experimental value="true"/>
  <date value="2024-06-29T18:14:02+00:00"/>
  <publisher value="WHO"/>
  <contact>
    <name value="WHO"/>
    <telecom>
      <system value="url"/>
      <value value="http://who.int"/>
    </telecom>
  </contact>
  <description value="Value set of value used for gender for calculating creatinine clearance if required. For transgender populations, the sex at birth is used in the Cockcroft-Gault equation if the person is not using hormone therapy; among transgender populations using hormone therapy for more than three months, the current gender can be used."/>
  <compose>
    <include>
      <system value="http://smart.who.int/hiv/CodeSystem/HIVConcepts"/>
      <concept>
        <code value="HIV.C.DE108"/>
        <display value="Male"/>
      </concept>
      <concept>
        <code value="HIV.C.DE109"/>
        <display value="Female"/>
      </concept>
    </include>
  </compose>
</ValueSet>