<?xml version="1.0" encoding="UTF-8"?>

<ValueSet xmlns="http://hl7.org/fhir">
  <id value="HIV.E.DE47"/>
  <meta>
    <profile value="http://hl7.org/fhir/uv/crmi/StructureDefinition/crmi-shareablevalueset"/>
    <profile value="http://hl7.org/fhir/uv/crmi/StructureDefinition/crmi-publishablevalueset"/>
    <profile value="http://hl7.org/fhir/uv/crmi/StructureDefinition/crmi-computablevalueset"/>
  </meta>
  <text>
    <status value="extensions"/><div xmlns="http://www.w3.org/1999/xhtml"><p class="res-header-id"><b>Generated Narrative: ValueSet HIV.E.DE47</b></p><a name="HIV.E.DE47"> </a><a name="hcHIV.E.DE47"> </a><a name="hcHIV.E.DE47-en-US"> </a><ul><li>Include these codes as defined in <a href="CodeSystem-HIVConcepts.html"><code>http://smart.who.int/hiv/CodeSystem/HIVConcepts</code></a><table class="none"><tr><td style="white-space:nowrap"><b>Code</b></td><td><b>Display</b></td><td><b>Definition</b></td></tr><tr><td><a href="CodeSystem-HIVConcepts.html#HIVConcepts-HIV.46E.46DE48">HIV.E.DE48</a></td><td>Live birth</td><td>Outcome of pregnancy was a live birth</td></tr><tr><td><a href="CodeSystem-HIVConcepts.html#HIVConcepts-HIV.46E.46DE49">HIV.E.DE49</a></td><td>Early fetal loss/miscarriage</td><td>Outcome of pregnancy was early fetal loss/miscarriage</td></tr><tr><td><a href="CodeSystem-HIVConcepts.html#HIVConcepts-HIV.46E.46DE50">HIV.E.DE50</a></td><td>Induced abortion</td><td>Outcome of pregnancy was induced abortion</td></tr><tr><td><a href="CodeSystem-HIVConcepts.html#HIVConcepts-HIV.46E.46DE51">HIV.E.DE51</a></td><td>Stillbirth</td><td>Outcome of pregnancy was stillbirth</td></tr></table></li></ul></div>
  </text>
  <url value="http://smart.who.int/hiv/ValueSet/HIV.E.DE47"/>
  <version value="0.1.0"/>
  <name value="HIVEDE47"/>
  <title value="Pregnancy outcome ValueSet"/>
  <status value="active"/>
  <experimental value="true"/>
  <date value="2024-06-29T17:44:13+00:00"/>
  <publisher value="WHO"/>
  <contact>
    <name value="WHO"/>
    <telecom>
      <system value="url"/>
      <value value="http://who.int"/>
    </telecom>
  </contact>
  <description value="Value set of outcome of current pregnancy"/>
  <compose>
    <include>
      <system value="http://smart.who.int/hiv/CodeSystem/HIVConcepts"/>
      <concept>
        <code value="HIV.E.DE48"/>
        <display value="Live birth"/>
      </concept>
      <concept>
        <code value="HIV.E.DE49"/>
        <display value="Early fetal loss/miscarriage"/>
      </concept>
      <concept>
        <code value="HIV.E.DE50"/>
        <display value="Induced abortion"/>
      </concept>
      <concept>
        <code value="HIV.E.DE51"/>
        <display value="Stillbirth"/>
      </concept>
    </include>
  </compose>
</ValueSet>