<?xml version="1.0" encoding="UTF-8"?>

<ValueSet xmlns="http://hl7.org/fhir">
  <id value="HIV.A.DE25"/>
  <meta>
    <profile value="http://hl7.org/fhir/uv/crmi/StructureDefinition/crmi-shareablevalueset"/>
    <profile value="http://hl7.org/fhir/uv/crmi/StructureDefinition/crmi-publishablevalueset"/>
    <profile value="http://hl7.org/fhir/uv/crmi/StructureDefinition/crmi-computablevalueset"/>
  </meta>
  <text>
    <status value="extensions"/><div xmlns="http://www.w3.org/1999/xhtml"><p class="res-header-id"><b>Generated Narrative: ValueSet HIV.A.DE25</b></p><a name="HIV.A.DE25"> </a><a name="hcHIV.A.DE25"> </a><a name="hcHIV.A.DE25-en-US"> </a><ul><li>Include these codes as defined in <a href="CodeSystem-HIVConcepts.html"><code>http://smart.who.int/hiv/CodeSystem/HIVConcepts</code></a><table class="none"><tr><td style="white-space:nowrap"><b>Code</b></td><td><b>Display</b></td><td><b>Definition</b></td></tr><tr><td><a href="CodeSystem-HIVConcepts.html#HIVConcepts-HIV.46A.46DE26">HIV.A.DE26</a></td><td>Female</td><td>Client identifies as female</td></tr><tr><td><a href="CodeSystem-HIVConcepts.html#HIVConcepts-HIV.46A.46DE27">HIV.A.DE27</a></td><td>Male</td><td>Client identifies as male</td></tr><tr><td><a href="CodeSystem-HIVConcepts.html#HIVConcepts-HIV.46A.46DE28">HIV.A.DE28</a></td><td>Other</td><td>Client identifies in non-binary way or as a sexual and gender minority (or minorities)</td></tr></table></li></ul></div>
  </text>
  <url value="http://smart.who.int/hiv/ValueSet/HIV.A.DE25"/>
  <version value="0.1.0"/>
  <name value="HIVADE25"/>
  <title value="Sex ValueSet"/>
  <status value="active"/>
  <experimental value="true"/>
  <date value="2024-06-29T17:44:13+00:00"/>
  <publisher value="WHO"/>
  <contact>
    <name value="WHO"/>
    <telecom>
      <system value="url"/>
      <value value="http://who.int"/>
    </telecom>
  </contact>
  <description value="Value set of sex of the client assigned at birth"/>
  <compose>
    <include>
      <system value="http://smart.who.int/hiv/CodeSystem/HIVConcepts"/>
      <concept>
        <code value="HIV.A.DE26"/>
        <display value="Female"/>
      </concept>
      <concept>
        <code value="HIV.A.DE27"/>
        <display value="Male"/>
      </concept>
      <concept>
        <code value="HIV.A.DE28"/>
        <display value="Other"/>
      </concept>
    </include>
  </compose>
</ValueSet>