<?xml version="1.0" encoding="UTF-8"?>

<ValueSet xmlns="http://hl7.org/fhir">
  <id value="HIV.D.DE869"/>
  <meta>
    <profile value="http://hl7.org/fhir/uv/crmi/StructureDefinition/crmi-shareablevalueset"/>
    <profile value="http://hl7.org/fhir/uv/crmi/StructureDefinition/crmi-publishablevalueset"/>
    <profile value="http://hl7.org/fhir/uv/crmi/StructureDefinition/crmi-computablevalueset"/>
  </meta>
  <text>
    <status value="extensions"/><div xmlns="http://www.w3.org/1999/xhtml"><p class="res-header-id"><b>Generated Narrative: ValueSet HIV.D.DE869</b></p><a name="HIV.D.DE869"> </a><a name="hcHIV.D.DE869"> </a><a name="hcHIV.D.DE869-en-US"> </a><ul><li>Include these codes as defined in <a href="CodeSystem-HIVConcepts.html"><code>http://smart.who.int/hiv/CodeSystem/HIVConcepts</code></a><table class="none"><tr><td style="white-space:nowrap"><b>Code</b></td><td><b>Display</b></td><td><b>Definition</b></td></tr><tr><td><a href="CodeSystem-HIVConcepts.html#HIVConcepts-HIV.46D.46DE870">HIV.D.DE870</a></td><td>Treponemal</td><td>Treponemal test used </td></tr><tr><td><a href="CodeSystem-HIVConcepts.html#HIVConcepts-HIV.46D.46DE871">HIV.D.DE871</a></td><td>Non-treponemal</td><td>Non-treponemal test used</td></tr><tr><td><a href="CodeSystem-HIVConcepts.html#HIVConcepts-HIV.46D.46DE872">HIV.D.DE872</a></td><td>POC Test</td><td>Point-of-care (POC) test used</td></tr><tr><td><a href="CodeSystem-HIVConcepts.html#HIVConcepts-HIV.46D.46DE873">HIV.D.DE873</a></td><td>NAAT</td><td>Nucleic Acid Amplification Test (NAAT) used</td></tr><tr><td><a href="CodeSystem-HIVConcepts.html#HIVConcepts-HIV.46D.46DE874">HIV.D.DE874</a></td><td>Other</td><td>Other test used</td></tr></table></li></ul></div>
  </text>
  <url value="http://smart.who.int/hiv/ValueSet/HIV.D.DE869"/>
  <version value="0.1.0"/>
  <name value="HIVDDE869"/>
  <title value="Confirmatory syphilis test type ValueSet"/>
  <status value="active"/>
  <experimental value="true"/>
  <date value="2024-06-29T17:44:13+00:00"/>
  <publisher value="WHO"/>
  <contact>
    <name value="WHO"/>
    <telecom>
      <system value="url"/>
      <value value="http://who.int"/>
    </telecom>
  </contact>
  <description value="Value set of type of test ued for confirmatory syphilis test"/>
  <compose>
    <include>
      <system value="http://smart.who.int/hiv/CodeSystem/HIVConcepts"/>
      <concept>
        <code value="HIV.D.DE870"/>
        <display value="Treponemal"/>
      </concept>
      <concept>
        <code value="HIV.D.DE871"/>
        <display value="Non-treponemal"/>
      </concept>
      <concept>
        <code value="HIV.D.DE872"/>
        <display value="POC Test"/>
      </concept>
      <concept>
        <code value="HIV.D.DE873"/>
        <display value="NAAT"/>
      </concept>
      <concept>
        <code value="HIV.D.DE874"/>
        <display value="Other"/>
      </concept>
    </include>
  </compose>
</ValueSet>