<?xml version="1.0" encoding="UTF-8"?>

<ValueSet xmlns="http://hl7.org/fhir">
  <id value="HIV.B.DE8"/>
  <meta>
    <profile value="http://hl7.org/fhir/uv/crmi/StructureDefinition/crmi-shareablevalueset"/>
    <profile value="http://hl7.org/fhir/uv/crmi/StructureDefinition/crmi-publishablevalueset"/>
    <profile value="http://hl7.org/fhir/uv/crmi/StructureDefinition/crmi-computablevalueset"/>
  </meta>
  <text>
    <status value="extensions"/><div xmlns="http://www.w3.org/1999/xhtml"><p class="res-header-id"><b>Generated Narrative: ValueSet HIV.B.DE8</b></p><a name="HIV.B.DE8"> </a><a name="hcHIV.B.DE8"> </a><a name="hcHIV.B.DE8-en-US"> </a><ul><li>Include these codes as defined in <a href="CodeSystem-HIVConcepts.html"><code>http://smart.who.int/hiv/CodeSystem/HIVConcepts</code></a><table class="none"><tr><td style="white-space:nowrap"><b>Code</b></td><td><b>Display</b></td><td><b>Definition</b></td></tr><tr><td><a href="CodeSystem-HIVConcepts.html#HIVConcepts-HIV.46B.46DE9">HIV.B.DE9</a></td><td>Biological child</td><td>Client is the biological child of the person that referred the client for family services</td></tr><tr><td><a href="CodeSystem-HIVConcepts.html#HIVConcepts-HIV.46B.46DE10">HIV.B.DE10</a></td><td>Drug-injecting partner</td><td>Client is a drug-injecting partner of the person that referred the client for partner services</td></tr><tr><td><a href="CodeSystem-HIVConcepts.html#HIVConcepts-HIV.46B.46DE11">HIV.B.DE11</a></td><td>Sexual partner</td><td>Client is a sexual partner of the person that referred the client for partner services</td></tr><tr><td><a href="CodeSystem-HIVConcepts.html#HIVConcepts-HIV.46B.46DE12">HIV.B.DE12</a></td><td>Social contact</td><td>Client is a social contact of the person that referred the client for social-network services</td></tr></table></li></ul></div>
  </text>
  <url value="http://smart.who.int/hiv/ValueSet/HIV.B.DE8"/>
  <version value="0.1.0"/>
  <name value="HIVBDE8"/>
  <title value="Type of contact or partner for partner services ValueSet"/>
  <status value="active"/>
  <experimental value="true"/>
  <date value="2024-06-29T17:44:13+00:00"/>
  <publisher value="WHO"/>
  <contact>
    <name value="WHO"/>
    <telecom>
      <system value="url"/>
      <value value="http://who.int"/>
    </telecom>
  </contact>
  <description value="Value set of client's relationship to the person that referred the client for partner services or family services"/>
  <compose>
    <include>
      <system value="http://smart.who.int/hiv/CodeSystem/HIVConcepts"/>
      <concept>
        <code value="HIV.B.DE9"/>
        <display value="Biological child"/>
      </concept>
      <concept>
        <code value="HIV.B.DE10"/>
        <display value="Drug-injecting partner"/>
      </concept>
      <concept>
        <code value="HIV.B.DE11"/>
        <display value="Sexual partner"/>
      </concept>
      <concept>
        <code value="HIV.B.DE12"/>
        <display value="Social contact"/>
      </concept>
    </include>
  </compose>
</ValueSet>