<?xml version="1.0" encoding="UTF-8"?>

<ValueSet xmlns="http://hl7.org/fhir">
  <id value="HIV.G.DE51"/>
  <meta>
    <profile value="http://hl7.org/fhir/uv/crmi/StructureDefinition/crmi-shareablevalueset"/>
    <profile value="http://hl7.org/fhir/uv/crmi/StructureDefinition/crmi-publishablevalueset"/>
    <profile value="http://hl7.org/fhir/uv/crmi/StructureDefinition/crmi-computablevalueset"/>
  </meta>
  <text>
    <status value="extensions"/><div xmlns="http://www.w3.org/1999/xhtml"><p class="res-header-id"><b>Generated Narrative: ValueSet HIV.G.DE51</b></p><a name="HIV.G.DE51"> </a><a name="hcHIV.G.DE51"> </a><a name="hcHIV.G.DE51-en-US"> </a><ul><li>Include these codes as defined in <a href="CodeSystem-HIVConcepts.html"><code>http://smart.who.int/hiv/CodeSystem/HIVConcepts</code></a><table class="none"><tr><td style="white-space:nowrap"><b>Code</b></td><td><b>Display</b></td><td><b>Definition</b></td></tr><tr><td><a href="CodeSystem-HIVConcepts.html#HIVConcepts-HIV.46G.46DE52">HIV.G.DE52</a></td><td>Hepatitis C positive</td><td>Client is positive for hepatitis C</td></tr><tr><td><a href="CodeSystem-HIVConcepts.html#HIVConcepts-HIV.46G.46DE53">HIV.G.DE53</a></td><td>Hepatitis C negative</td><td>Client is negative for hepatitis C</td></tr></table></li></ul></div>
  </text>
  <url value="http://smart.who.int/hiv/ValueSet/HIV.G.DE51"/>
  <version value="0.1.0"/>
  <name value="HIVGDE51"/>
  <title value="Hepatitis C diagnosis ValueSet"/>
  <status value="active"/>
  <experimental value="true"/>
  <date value="2024-06-29T18:14:02+00:00"/>
  <publisher value="WHO"/>
  <contact>
    <name value="WHO"/>
    <telecom>
      <system value="url"/>
      <value value="http://who.int"/>
    </telecom>
  </contact>
  <description value="Value set of client's hepatitis C diagnosis"/>
  <compose>
    <include>
      <system value="http://smart.who.int/hiv/CodeSystem/HIVConcepts"/>
      <concept>
        <code value="HIV.G.DE52"/>
        <display value="Hepatitis C positive"/>
      </concept>
      <concept>
        <code value="HIV.G.DE53"/>
        <display value="Hepatitis C negative"/>
      </concept>
    </include>
  </compose>
</ValueSet>