<?xml version="1.0" encoding="UTF-8"?>

<ValueSet xmlns="http://hl7.org/fhir">
  <id value="HIV.D.DE664"/>
  <meta>
    <profile value="http://hl7.org/fhir/uv/crmi/StructureDefinition/crmi-shareablevalueset"/>
    <profile value="http://hl7.org/fhir/uv/crmi/StructureDefinition/crmi-publishablevalueset"/>
    <profile value="http://hl7.org/fhir/uv/crmi/StructureDefinition/crmi-computablevalueset"/>
  </meta>
  <text>
    <status value="extensions"/><div xmlns="http://www.w3.org/1999/xhtml"><p class="res-header-id"><b>Generated Narrative: ValueSet HIV.D.DE664</b></p><a name="HIV.D.DE664"> </a><a name="hcHIV.D.DE664"> </a><a name="hcHIV.D.DE664-en-US"> </a><ul><li>Include these codes as defined in <a href="CodeSystem-HIVConcepts.html"><code>http://smart.who.int/hiv/CodeSystem/HIVConcepts</code></a><table class="none"><tr><td style="white-space:nowrap"><b>Code</b></td><td><b>Display</b></td><td><b>Definition</b></td></tr><tr><td><a href="CodeSystem-HIVConcepts.html#HIVConcepts-HIV.46D.46DE665">HIV.D.DE665</a></td><td>Negative</td><td>HPV-DNA screening test was negative</td></tr><tr><td><a href="CodeSystem-HIVConcepts.html#HIVConcepts-HIV.46D.46DE666">HIV.D.DE666</a></td><td>Positive</td><td>HPV-DNA screening test was positive</td></tr><tr><td><a href="CodeSystem-HIVConcepts.html#HIVConcepts-HIV.46D.46DE667">HIV.D.DE667</a></td><td>Invalid</td><td>HPV-DNA screening test was invalid</td></tr></table></li></ul></div>
  </text>
  <url value="http://smart.who.int/hiv/ValueSet/HIV.D.DE664"/>
  <version value="0.1.0"/>
  <name value="HIVDDE664"/>
  <title value="HPV-DNA cervical cancer screening test result ValueSet"/>
  <status value="active"/>
  <experimental value="true"/>
  <date value="2024-06-29T17:44:13+00:00"/>
  <publisher value="WHO"/>
  <contact>
    <name value="WHO"/>
    <telecom>
      <system value="url"/>
      <value value="http://who.int"/>
    </telecom>
  </contact>
  <description value="Value set of hPV-DNA cervical cancer screening test result"/>
  <compose>
    <include>
      <system value="http://smart.who.int/hiv/CodeSystem/HIVConcepts"/>
      <concept>
        <code value="HIV.D.DE665"/>
        <display value="Negative"/>
      </concept>
      <concept>
        <code value="HIV.D.DE666"/>
        <display value="Positive"/>
      </concept>
      <concept>
        <code value="HIV.D.DE667"/>
        <display value="Invalid"/>
      </concept>
    </include>
  </compose>
</ValueSet>