<?xml version="1.0" encoding="UTF-8"?>

<ValueSet xmlns="http://hl7.org/fhir">
  <id value="HIV.D.DE897"/>
  <meta>
    <profile value="http://hl7.org/fhir/uv/crmi/StructureDefinition/crmi-shareablevalueset"/>
    <profile value="http://hl7.org/fhir/uv/crmi/StructureDefinition/crmi-publishablevalueset"/>
    <profile value="http://hl7.org/fhir/uv/crmi/StructureDefinition/crmi-computablevalueset"/>
  </meta>
  <text>
    <status value="extensions"/><div xmlns="http://www.w3.org/1999/xhtml"><p class="res-header-id"><b>Generated Narrative: ValueSet HIV.D.DE897</b></p><a name="HIV.D.DE897"> </a><a name="hcHIV.D.DE897"> </a><a name="hcHIV.D.DE897-en-US"> </a><ul><li>Include these codes as defined in <a href="CodeSystem-HIVConcepts.html"><code>http://smart.who.int/hiv/CodeSystem/HIVConcepts</code></a><table class="none"><tr><td style="white-space:nowrap"><b>Code</b></td><td><b>Display</b></td><td><b>Definition</b></td></tr><tr><td><a href="CodeSystem-HIVConcepts.html#HIVConcepts-HIV.46D.46DE898">HIV.D.DE898</a></td><td>Working, able to perform usual work inside and outside the home</td><td>Client is able to perform usual work inside and outside the home (working)</td></tr><tr><td><a href="CodeSystem-HIVConcepts.html#HIVConcepts-HIV.46D.46DE899">HIV.D.DE899</a></td><td>Ambulatory, able to perform activity of daily living (ADL), not able to work</td><td>Client is able to perform activity of daily living (ADL), not able to work (ambulatory)</td></tr><tr><td><a href="CodeSystem-HIVConcepts.html#HIVConcepts-HIV.46D.46DE900">HIV.D.DE900</a></td><td>Bedridden not able to perform ADL</td><td>Client is dedridden not able to perform ADL</td></tr></table></li></ul></div>
  </text>
  <url value="http://smart.who.int/hiv/ValueSet/HIV.D.DE897"/>
  <version value="0.1.0"/>
  <name value="HIVDDE897"/>
  <title value="WHO functional status ValueSet"/>
  <status value="active"/>
  <experimental value="true"/>
  <date value="2024-06-29T17:44:13+00:00"/>
  <publisher value="WHO"/>
  <contact>
    <name value="WHO"/>
    <telecom>
      <system value="url"/>
      <value value="http://who.int"/>
    </telecom>
  </contact>
  <description value="Value set of functional status of people with advanced HIV disease"/>
  <compose>
    <include>
      <system value="http://smart.who.int/hiv/CodeSystem/HIVConcepts"/>
      <concept>
        <code value="HIV.D.DE898"/>
        <display value="Working, able to perform usual work inside and outside the home"/>
      </concept>
      <concept>
        <code value="HIV.D.DE899"/>
        <display value="Ambulatory, able to perform activity of daily living (ADL), not able to work"/>
      </concept>
      <concept>
        <code value="HIV.D.DE900"/>
        <display value="Bedridden not able to perform ADL"/>
      </concept>
    </include>
  </compose>
</ValueSet>