<?xml version="1.0" encoding="UTF-8"?>

<ValueSet xmlns="http://hl7.org/fhir">
  <id value="HIV.D.DE156"/>
  <meta>
    <profile value="http://hl7.org/fhir/uv/crmi/StructureDefinition/crmi-shareablevalueset"/>
    <profile value="http://hl7.org/fhir/uv/crmi/StructureDefinition/crmi-publishablevalueset"/>
    <profile value="http://hl7.org/fhir/uv/crmi/StructureDefinition/crmi-computablevalueset"/>
  </meta>
  <text>
    <status value="extensions"/><div xmlns="http://www.w3.org/1999/xhtml"><p class="res-header-id"><b>Generated Narrative: ValueSet HIV.D.DE156</b></p><a name="HIV.D.DE156"> </a><a name="hcHIV.D.DE156"> </a><a name="hcHIV.D.DE156-en-US"> </a><ul><li>Include these codes as defined in <a href="CodeSystem-HIVConcepts.html"><code>http://smart.who.int/hiv/CodeSystem/HIVConcepts</code></a><table class="none"><tr><td style="white-space:nowrap"><b>Code</b></td><td><b>Display</b></td><td><b>Definition</b></td></tr><tr><td><a href="CodeSystem-HIVConcepts.html#HIVConcepts-HIV.46D.46DE157">HIV.D.DE157</a></td><td>Contraception and family planning</td><td>Offer contraception and family planning services</td></tr><tr><td><a href="CodeSystem-HIVConcepts.html#HIVConcepts-HIV.46D.46DE158">HIV.D.DE158</a></td><td>Check pregnancy status</td><td>Check woman's pregnancy status</td></tr><tr><td><a href="CodeSystem-HIVConcepts.html#HIVConcepts-HIV.46D.46DE159">HIV.D.DE159</a></td><td>Prevention of mother-to-child transmission</td><td>Offer prevention of mother-to-child transmission services (counselling)</td></tr><tr><td><a href="CodeSystem-HIVConcepts.html#HIVConcepts-HIV.46D.46DE160">HIV.D.DE160</a></td><td>STI testing and treatment</td><td>Offer STI testing and treatment services</td></tr></table></li></ul></div>
  </text>
  <url value="http://smart.who.int/hiv/ValueSet/HIV.D.DE156"/>
  <version value="0.1.0"/>
  <name value="HIVDDE156"/>
  <title value="Sexual and reproductive health integrated services ValueSet"/>
  <status value="active"/>
  <experimental value="true"/>
  <date value="2024-06-29T17:44:13+00:00"/>
  <publisher value="WHO"/>
  <contact>
    <name value="WHO"/>
    <telecom>
      <system value="url"/>
      <value value="http://who.int"/>
    </telecom>
  </contact>
  <description value="Value set of offer or refer to sexual and reproductive health services"/>
  <compose>
    <include>
      <system value="http://smart.who.int/hiv/CodeSystem/HIVConcepts"/>
      <concept>
        <code value="HIV.D.DE157"/>
        <display value="Contraception and family planning"/>
      </concept>
      <concept>
        <code value="HIV.D.DE158"/>
        <display value="Check pregnancy status"/>
      </concept>
      <concept>
        <code value="HIV.D.DE159"/>
        <display value="Prevention of mother-to-child transmission"/>
      </concept>
      <concept>
        <code value="HIV.D.DE160"/>
        <display value="STI testing and treatment"/>
      </concept>
    </include>
  </compose>
</ValueSet>