<?xml version="1.0" encoding="UTF-8"?>

<ValueSet xmlns="http://hl7.org/fhir">
  <id value="HIV.H.DE13"/>
  <meta>
    <profile value="http://hl7.org/fhir/uv/crmi/StructureDefinition/crmi-shareablevalueset"/>
    <profile value="http://hl7.org/fhir/uv/crmi/StructureDefinition/crmi-publishablevalueset"/>
    <profile value="http://hl7.org/fhir/uv/crmi/StructureDefinition/crmi-computablevalueset"/>
  </meta>
  <text>
    <status value="extensions"/><div xmlns="http://www.w3.org/1999/xhtml"><p class="res-header-id"><b>Generated Narrative: ValueSet HIV.H.DE13</b></p><a name="HIV.H.DE13"> </a><a name="hcHIV.H.DE13"> </a><a name="hcHIV.H.DE13-en-US"> </a><ul><li>Include these codes as defined in <a href="CodeSystem-HIVConcepts.html"><code>http://smart.who.int/hiv/CodeSystem/HIVConcepts</code></a><table class="none"><tr><td style="white-space:nowrap"><b>Code</b></td><td><b>Display</b></td><td><b>Definition</b></td></tr><tr><td><a href="CodeSystem-HIVConcepts.html#HIVConcepts-HIV.46H.46DE14">HIV.H.DE14</a></td><td>Home visit</td><td>Contacted client at home</td></tr><tr><td><a href="CodeSystem-HIVConcepts.html#HIVConcepts-HIV.46H.46DE15">HIV.H.DE15</a></td><td>Text message</td><td>Contacted client by short message service (SMS) text</td></tr><tr><td><a href="CodeSystem-HIVConcepts.html#HIVConcepts-HIV.46H.46DE16">HIV.H.DE16</a></td><td>Phone</td><td>Contacted client by phone call</td></tr></table></li></ul></div>
  </text>
  <url value="http://smart.who.int/hiv/ValueSet/HIV.H.DE13"/>
  <version value="0.1.0"/>
  <name value="HIVHDE13"/>
  <title value="Contact method ValueSet"/>
  <status value="active"/>
  <experimental value="true"/>
  <date value="2024-06-29T18:14:02+00:00"/>
  <publisher value="WHO"/>
  <contact>
    <name value="WHO"/>
    <telecom>
      <system value="url"/>
      <value value="http://who.int"/>
    </telecom>
  </contact>
  <description value="Value set of method used to try to reach out to the client"/>
  <compose>
    <include>
      <system value="http://smart.who.int/hiv/CodeSystem/HIVConcepts"/>
      <concept>
        <code value="HIV.H.DE14"/>
        <display value="Home visit"/>
      </concept>
      <concept>
        <code value="HIV.H.DE15"/>
        <display value="Text message"/>
      </concept>
      <concept>
        <code value="HIV.H.DE16"/>
        <display value="Phone"/>
      </concept>
    </include>
  </compose>
</ValueSet>