<?xml version="1.0" encoding="UTF-8"?>

<ValueSet xmlns="http://hl7.org/fhir">
  <id value="HIV.D.DE162"/>
  <meta>
    <profile value="http://hl7.org/fhir/uv/crmi/StructureDefinition/crmi-shareablevalueset"/>
    <profile value="http://hl7.org/fhir/uv/crmi/StructureDefinition/crmi-publishablevalueset"/>
    <profile value="http://hl7.org/fhir/uv/crmi/StructureDefinition/crmi-computablevalueset"/>
  </meta>
  <text>
    <status value="extensions"/><div xmlns="http://www.w3.org/1999/xhtml"><p class="res-header-id"><b>Generated Narrative: ValueSet HIV.D.DE162</b></p><a name="HIV.D.DE162"> </a><a name="hcHIV.D.DE162"> </a><a name="hcHIV.D.DE162-en-US"> </a><ul><li>Include these codes as defined in <a href="CodeSystem-HIVConcepts.html"><code>http://smart.who.int/hiv/CodeSystem/HIVConcepts</code></a><table class="none"><tr><td style="white-space:nowrap"><b>Code</b></td><td><b>Display</b></td><td><b>Definition</b></td></tr><tr><td><a href="CodeSystem-HIVConcepts.html#HIVConcepts-HIV.46D.46DE163">HIV.D.DE163</a></td><td>Positive</td><td>HBsAg test result was positive</td></tr><tr><td><a href="CodeSystem-HIVConcepts.html#HIVConcepts-HIV.46D.46DE164">HIV.D.DE164</a></td><td>Negative</td><td>HBsAg test result was negative</td></tr><tr><td><a href="CodeSystem-HIVConcepts.html#HIVConcepts-HIV.46D.46DE165">HIV.D.DE165</a></td><td>Indeterminate</td><td>HBsAg test result was indeterminate</td></tr></table></li></ul></div>
  </text>
  <url value="http://smart.who.int/hiv/ValueSet/HIV.D.DE162"/>
  <version value="0.1.0"/>
  <name value="HIVDDE162"/>
  <title value="HBsAg test result ValueSet"/>
  <status value="active"/>
  <experimental value="true"/>
  <date value="2024-06-29T18:14:02+00:00"/>
  <publisher value="WHO"/>
  <contact>
    <name value="WHO"/>
    <telecom>
      <system value="url"/>
      <value value="http://who.int"/>
    </telecom>
  </contact>
  <description value="Value set of hepatitis B virus test result (HBsAg)"/>
  <compose>
    <include>
      <system value="http://smart.who.int/hiv/CodeSystem/HIVConcepts"/>
      <concept>
        <code value="HIV.D.DE163"/>
        <display value="Positive"/>
      </concept>
      <concept>
        <code value="HIV.D.DE164"/>
        <display value="Negative"/>
      </concept>
      <concept>
        <code value="HIV.D.DE165"/>
        <display value="Indeterminate"/>
      </concept>
    </include>
  </compose>
</ValueSet>