<?xml version="1.0" encoding="UTF-8"?>

<ValueSet xmlns="http://hl7.org/fhir">
  <id value="HIV.G.DE55"/>
  <meta>
    <profile value="http://hl7.org/fhir/uv/crmi/StructureDefinition/crmi-shareablevalueset"/>
    <profile value="http://hl7.org/fhir/uv/crmi/StructureDefinition/crmi-publishablevalueset"/>
    <profile value="http://hl7.org/fhir/uv/crmi/StructureDefinition/crmi-computablevalueset"/>
  </meta>
  <text>
    <status value="extensions"/><div xmlns="http://www.w3.org/1999/xhtml"><p class="res-header-id"><b>Generated Narrative: ValueSet HIV.G.DE55</b></p><a name="HIV.G.DE55"> </a><a name="hcHIV.G.DE55"> </a><a name="hcHIV.G.DE55-en-US"> </a><ul><li>Include these codes as defined in <a href="CodeSystem-HIVConcepts.html"><code>http://smart.who.int/hiv/CodeSystem/HIVConcepts</code></a><table class="none"><tr><td style="white-space:nowrap"><b>Code</b></td><td><b>Display</b></td><td><b>Definition</b></td></tr><tr><td><a href="CodeSystem-HIVConcepts.html#HIVConcepts-HIV.46G.46DE56">HIV.G.DE56</a></td><td>Treponemal</td><td>Treponemal test used </td></tr><tr><td><a href="CodeSystem-HIVConcepts.html#HIVConcepts-HIV.46G.46DE57">HIV.G.DE57</a></td><td>Non-treponemal</td><td>Non-treponemal test used</td></tr><tr><td><a href="CodeSystem-HIVConcepts.html#HIVConcepts-HIV.46G.46DE58">HIV.G.DE58</a></td><td>POC Test</td><td>Point-of-care (POC) test used</td></tr><tr><td><a href="CodeSystem-HIVConcepts.html#HIVConcepts-HIV.46G.46DE59">HIV.G.DE59</a></td><td>NAAT</td><td>Nucleic Acid Amplification Test (NAAT) used</td></tr><tr><td><a href="CodeSystem-HIVConcepts.html#HIVConcepts-HIV.46G.46DE60">HIV.G.DE60</a></td><td>Other</td><td>Other test used</td></tr></table></li></ul></div>
  </text>
  <url value="http://smart.who.int/hiv/ValueSet/HIV.G.DE55"/>
  <version value="0.1.0"/>
  <name value="HIVGDE55"/>
  <title value="Syphilis test type ValueSet"/>
  <status value="active"/>
  <experimental value="true"/>
  <date value="2024-06-29T17:44:13+00:00"/>
  <publisher value="WHO"/>
  <contact>
    <name value="WHO"/>
    <telecom>
      <system value="url"/>
      <value value="http://who.int"/>
    </telecom>
  </contact>
  <description value="Value set of type of diagnostic test used for syphilis (treponema pallidum)"/>
  <compose>
    <include>
      <system value="http://smart.who.int/hiv/CodeSystem/HIVConcepts"/>
      <concept>
        <code value="HIV.G.DE56"/>
        <display value="Treponemal"/>
      </concept>
      <concept>
        <code value="HIV.G.DE57"/>
        <display value="Non-treponemal"/>
      </concept>
      <concept>
        <code value="HIV.G.DE58"/>
        <display value="POC Test"/>
      </concept>
      <concept>
        <code value="HIV.G.DE59"/>
        <display value="NAAT"/>
      </concept>
      <concept>
        <code value="HIV.G.DE60"/>
        <display value="Other"/>
      </concept>
    </include>
  </compose>
</ValueSet>