<?xml version="1.0" encoding="UTF-8"?>

<ValueSet xmlns="http://hl7.org/fhir">
  <id value="HIV.B.DE18"/>
  <meta>
    <profile value="http://hl7.org/fhir/uv/crmi/StructureDefinition/crmi-shareablevalueset"/>
    <profile value="http://hl7.org/fhir/uv/crmi/StructureDefinition/crmi-publishablevalueset"/>
    <profile value="http://hl7.org/fhir/uv/crmi/StructureDefinition/crmi-computablevalueset"/>
  </meta>
  <text>
    <status value="extensions"/><div xmlns="http://www.w3.org/1999/xhtml"><p class="res-header-id"><b>Generated Narrative: ValueSet HIV.B.DE18</b></p><a name="HIV.B.DE18"> </a><a name="hcHIV.B.DE18"> </a><a name="hcHIV.B.DE18-en-US"> </a><ul><li>Include these codes as defined in <a href="CodeSystem-HIVConcepts.html"><code>http://smart.who.int/hiv/CodeSystem/HIVConcepts</code></a><table class="none"><tr><td style="white-space:nowrap"><b>Code</b></td><td><b>Display</b></td><td><b>Definition</b></td></tr><tr><td><a href="CodeSystem-HIVConcepts.html#HIVConcepts-HIV.46B.46DE19">HIV.B.DE19</a></td><td>Mobile testing (e.g. through vans or temporary testing facilities)</td><td>The client tested through mobile testing, such as through vans or temporary testing facilities</td></tr><tr><td><a href="CodeSystem-HIVConcepts.html#HIVConcepts-HIV.46B.46DE20">HIV.B.DE20</a></td><td>Voluntary counselling and testing centres (not within a health facility setting)</td><td>The client tested at a voluntary counselling and testing centre (not in a health facility setting)</td></tr><tr><td><a href="CodeSystem-HIVConcepts.html#HIVConcepts-HIV.46B.46DE21">HIV.B.DE21</a></td><td>Other community-based testing</td><td>The client tested through another type of community-based testing</td></tr></table></li></ul></div>
  </text>
  <url value="http://smart.who.int/hiv/ValueSet/HIV.B.DE18"/>
  <version value="0.1.0"/>
  <name value="HIVBDE18"/>
  <title value="Entry point for community-level testing ValueSet"/>
  <status value="active"/>
  <experimental value="true"/>
  <date value="2024-06-29T18:14:02+00:00"/>
  <publisher value="WHO"/>
  <contact>
    <name value="WHO"/>
    <telecom>
      <system value="url"/>
      <value value="http://who.int"/>
    </telecom>
  </contact>
  <description value="Value set of specific point in the community where testing is happening"/>
  <compose>
    <include>
      <system value="http://smart.who.int/hiv/CodeSystem/HIVConcepts"/>
      <concept>
        <code value="HIV.B.DE19"/>
        <display value="Mobile testing (e.g. through vans or temporary testing facilities)"/>
      </concept>
      <concept>
        <code value="HIV.B.DE20"/>
        <display value="Voluntary counselling and testing centres (not within a health facility setting)"/>
      </concept>
      <concept>
        <code value="HIV.B.DE21"/>
        <display value="Other community-based testing"/>
      </concept>
    </include>
  </compose>
</ValueSet>