<?xml version="1.0" encoding="UTF-8"?>

<ValueSet xmlns="http://hl7.org/fhir">
  <id value="HIV.D.DE56"/>
  <meta>
    <profile value="http://hl7.org/fhir/uv/crmi/StructureDefinition/crmi-shareablevalueset"/>
    <profile value="http://hl7.org/fhir/uv/crmi/StructureDefinition/crmi-publishablevalueset"/>
    <profile value="http://hl7.org/fhir/uv/crmi/StructureDefinition/crmi-computablevalueset"/>
  </meta>
  <text>
    <status value="extensions"/><div xmlns="http://www.w3.org/1999/xhtml"><p class="res-header-id"><b>Generated Narrative: ValueSet HIV.D.DE56</b></p><a name="HIV.D.DE56"> </a><a name="hcHIV.D.DE56"> </a><a name="hcHIV.D.DE56-en-US"> </a><ul><li>Include these codes as defined in <a href="CodeSystem-HIVConcepts.html"><code>http://smart.who.int/hiv/CodeSystem/HIVConcepts</code></a><table class="none"><tr><td style="white-space:nowrap"><b>Code</b></td><td><b>Display</b></td><td><b>Definition</b></td></tr><tr><td><a href="CodeSystem-HIVConcepts.html#HIVConcepts-HIV.46D.46DE57">HIV.D.DE57</a></td><td>No prior ARVs</td><td>Client received no prior ARVs</td></tr><tr><td><a href="CodeSystem-HIVConcepts.html#HIVConcepts-HIV.46D.46DE58">HIV.D.DE58</a></td><td>Received ARVs prior without records/documentation</td><td>Client received ARVs prior without records/documentation</td></tr><tr><td><a href="CodeSystem-HIVConcepts.html#HIVConcepts-HIV.46D.46DE59">HIV.D.DE59</a></td><td>Received ARVs during pregnancy or breastfeeding</td><td>Client received ARVs during pregnancy or breastfeeding</td></tr><tr><td><a href="CodeSystem-HIVConcepts.html#HIVConcepts-HIV.46D.46DE60">HIV.D.DE60</a></td><td>Received ARVs for PEP or PrEP</td><td>Client received ARVs for post-exposure prophylaxis (PEP) or PrEP</td></tr><tr><td><a href="CodeSystem-HIVConcepts.html#HIVConcepts-HIV.46D.46DE61">HIV.D.DE61</a></td><td>ARV prophylaxis for an HIV-exposed infant</td><td>Client received ARV prophylaxis for an HIV-exposed infant</td></tr></table></li></ul></div>
  </text>
  <url value="http://smart.who.int/hiv/ValueSet/HIV.D.DE56"/>
  <version value="0.1.0"/>
  <name value="HIVDDE56"/>
  <title value="Antiretroviral (ARV) drugs received prior to enrolment ValueSet"/>
  <status value="active"/>
  <experimental value="true"/>
  <date value="2024-06-29T17:44:13+00:00"/>
  <publisher value="WHO"/>
  <contact>
    <name value="WHO"/>
    <telecom>
      <system value="url"/>
      <value value="http://who.int"/>
    </telecom>
  </contact>
  <description value="Value set of whether or not the client received ARV drugs prior to enrolling into HIV care"/>
  <compose>
    <include>
      <system value="http://smart.who.int/hiv/CodeSystem/HIVConcepts"/>
      <concept>
        <code value="HIV.D.DE57"/>
        <display value="No prior ARVs"/>
      </concept>
      <concept>
        <code value="HIV.D.DE58"/>
        <display value="Received ARVs prior without records/documentation"/>
      </concept>
      <concept>
        <code value="HIV.D.DE59"/>
        <display value="Received ARVs during pregnancy or breastfeeding"/>
      </concept>
      <concept>
        <code value="HIV.D.DE60"/>
        <display value="Received ARVs for PEP or PrEP"/>
      </concept>
      <concept>
        <code value="HIV.D.DE61"/>
        <display value="ARV prophylaxis for an HIV-exposed infant"/>
      </concept>
    </include>
  </compose>
</ValueSet>