<?xml version="1.0" encoding="UTF-8"?>

<ValueSet xmlns="http://hl7.org/fhir">
  <id value="HIV.H.DE50"/>
  <meta>
    <profile value="http://hl7.org/fhir/uv/crmi/StructureDefinition/crmi-shareablevalueset"/>
    <profile value="http://hl7.org/fhir/uv/crmi/StructureDefinition/crmi-publishablevalueset"/>
    <profile value="http://hl7.org/fhir/uv/crmi/StructureDefinition/crmi-computablevalueset"/>
  </meta>
  <text>
    <status value="generated"/><div xmlns="http://www.w3.org/1999/xhtml"><p class="res-header-id"><b>Generated Narrative: ValueSet HIV.H.DE50</b></p><a name="HIV.H.DE50"> </a><a name="hcHIV.H.DE50"> </a><a name="hcHIV.H.DE50-en-US"> </a><p>This value set includes codes based on the following rules:</p><ul/></div>
  </text>
  <url value="http://smart.who.int/hiv/ValueSet/HIV.H.DE50"/>
  <version value="0.1.0"/>
  <name value="HIVHDE50"/>
  <title value="Transfer to facility ValueSet"/>
  <status value="active"/>
  <experimental value="true"/>
  <date value="2024-06-29T18:14:02+00:00"/>
  <publisher value="WHO"/>
  <contact>
    <name value="WHO"/>
    <telecom>
      <system value="url"/>
      <value value="http://who.int"/>
    </telecom>
  </contact>
  <description value="Value set of name of health facility client was transferred to"/>
</ValueSet>