<?xml version="1.0" encoding="UTF-8"?>

<ValueSet xmlns="http://hl7.org/fhir">
  <id value="HIV.E.DE52"/>
  <meta>
    <profile value="http://hl7.org/fhir/uv/crmi/StructureDefinition/crmi-shareablevalueset"/>
    <profile value="http://hl7.org/fhir/uv/crmi/StructureDefinition/crmi-publishablevalueset"/>
    <profile value="http://hl7.org/fhir/uv/crmi/StructureDefinition/crmi-computablevalueset"/>
  </meta>
  <text>
    <status value="extensions"/><div xmlns="http://www.w3.org/1999/xhtml"><p class="res-header-id"><b>Generated Narrative: ValueSet HIV.E.DE52</b></p><a name="HIV.E.DE52"> </a><a name="hcHIV.E.DE52"> </a><a name="hcHIV.E.DE52-en-US"> </a><ul><li>Include these codes as defined in <a href="CodeSystem-HIVConcepts.html"><code>http://smart.who.int/hiv/CodeSystem/HIVConcepts</code></a><table class="none"><tr><td style="white-space:nowrap"><b>Code</b></td><td><b>Display</b></td><td><b>Definition</b></td></tr><tr><td><a href="CodeSystem-HIVConcepts.html#HIVConcepts-HIV.46E.46DE53">HIV.E.DE53</a></td><td>Spontaneous vaginal delivery</td><td>Mode of delivery for current pregnancy spontaneous vaginal delivery (SVD)</td></tr><tr><td><a href="CodeSystem-HIVConcepts.html#HIVConcepts-HIV.46E.46DE54">HIV.E.DE54</a></td><td>Assisted vaginal delivery</td><td>Mode of delivery for current pregnancy was assisted vaginal delivery</td></tr><tr><td><a href="CodeSystem-HIVConcepts.html#HIVConcepts-HIV.46E.46DE55">HIV.E.DE55</a></td><td>Caesarian section (C/S, operative delivery)</td><td>Mode of delivery for current pregnancy was caesarian section (C/S; operative delivery)</td></tr></table></li></ul></div>
  </text>
  <url value="http://smart.who.int/hiv/ValueSet/HIV.E.DE52"/>
  <version value="0.1.0"/>
  <name value="HIVEDE52"/>
  <title value="Delivery mode ValueSet"/>
  <status value="active"/>
  <experimental value="true"/>
  <date value="2024-06-29T17:44:13+00:00"/>
  <publisher value="WHO"/>
  <contact>
    <name value="WHO"/>
    <telecom>
      <system value="url"/>
      <value value="http://who.int"/>
    </telecom>
  </contact>
  <description value="Value set of mode of delivery for current pregnancy"/>
  <compose>
    <include>
      <system value="http://smart.who.int/hiv/CodeSystem/HIVConcepts"/>
      <concept>
        <code value="HIV.E.DE53"/>
        <display value="Spontaneous vaginal delivery"/>
      </concept>
      <concept>
        <code value="HIV.E.DE54"/>
        <display value="Assisted vaginal delivery"/>
      </concept>
      <concept>
        <code value="HIV.E.DE55"/>
        <display value="Caesarian section (C/S, operative delivery)"/>
      </concept>
    </include>
  </compose>
</ValueSet>