<?xml version="1.0" encoding="UTF-8"?><Basic xmlns="http://hl7.org/fhir"><id value="TrainedLayProvider"/><meta><profile value="http://smart.who.int/smart-base/StructureDefinition/SGPersona"/></meta><text><status value="generated"/><div xmlns="http://www.w3.org/1999/xhtml"><p class="res-header-id"><b>Generated Narrative: ActorDefinition TrainedLayProvider</b></p><a name="TrainedLayProvider"> </a><a name="hcTrainedLayProvider"> </a><a name="hcTrainedLayProvider-en-US"> </a><table class="grid"><tr><td><b>Actor: TrainedLayProvider </b></td><td>Trained lay provider</td><td>Type: person </td></tr><tr><td colspan="3"/></tr></table></div></text><extension url="http://hl7.org/fhir/5.0/StructureDefinition/extension-ActorDefinition.url"><valueUri value="http://smart.who.int/hiv/ActorDefinition/TrainedLayProvider"/></extension><extension url="http://hl7.org/fhir/5.0/StructureDefinition/extension-ActorDefinition.version"><valueString value="0.1.0"/></extension><extension url="http://hl7.org/fhir/5.0/StructureDefinition/extension-ActorDefinition.name"><valueString value="TrainedLayProvider"/></extension><extension url="http://hl7.org/fhir/5.0/StructureDefinition/extension-ActorDefinition.title"><valueString value="Trained lay provider"/></extension><extension url="http://hl7.org/fhir/5.0/StructureDefinition/extension-ActorDefinition.status"><valueCode value="draft"/></extension><extension url="http://hl7.org/fhir/5.0/StructureDefinition/extension-ActorDefinition.experimental"><valueBoolean value="false"/></extension><extension url="http://hl7.org/fhir/5.0/StructureDefinition/extension-ActorDefinition.date"><valueDateTime value="2024-06-29T18:14:02+00:00"/></extension><extension url="http://hl7.org/fhir/5.0/StructureDefinition/extension-ActorDefinition.publisher"><valueString value="WHO"/></extension><extension url="http://hl7.org/fhir/5.0/StructureDefinition/extension-ActorDefinition.contact"><valueContactDetail><name value="WHO"/><telecom><system value="url"/><value value="http://who.int"/></telecom></valueContactDetail></extension><extension url="http://hl7.org/fhir/5.0/StructureDefinition/extension-ActorDefinition.description"><valueMarkdown value="A person who has been trained and supervised to independently perform functions related to health care delivery and to deliver specific services but who has received no formal professional or paraprofessional certificate or tertiary educational degree. Peers can be trained to function as lay providers."/></extension><extension url="http://hl7.org/fhir/5.0/StructureDefinition/extension-ActorDefinition.jurisdiction"/><extension url="http://hl7.org/fhir/5.0/StructureDefinition/extension-ActorDefinition.type"><valueCode value="person"/></extension><identifier><value value="TrainedLayProvider"/></identifier><code><coding><system value="http://hl7.org/fhir/fhir-types"/><code value="ActorDefinition"/></coding></code></Basic>