<?xml version="1.0" encoding="UTF-8"?><Library xmlns="http://hl7.org/fhir"><id value="FHIRCommonLogic"/><meta><profile value="http://hl7.org/fhir/uv/crmi/StructureDefinition/crmi-shareablelibrary"/><profile value="http://hl7.org/fhir/uv/crmi/StructureDefinition/crmi-publishablelibrary"/><profile value="http://hl7.org/fhir/uv/cql/StructureDefinition/cql-library"/><profile value="http://hl7.org/fhir/uv/cql/StructureDefinition/cql-module"/></meta><extension url="http://hl7.org/fhir/StructureDefinition/cqf-knowledgeCapability"><valueCode value="computable"/></extension><url value="http://smart.who.int/FHIRCommon/Library/FHIRCommonLogic"/><version value="0.1.0"/><name value="FHIRCommonLogic"/><title value="FHIRCommon Logic"/><status value="draft"/><experimental value="true"/><type><coding><system value="http://terminology.hl7.org/CodeSystem/library-type"/><code value="logic-library"/></coding></type><date value="2024-06-29T18:14:02+00:00"/><publisher value="WHO"/><contact><name value="WHO"/><telecom><system value="url"/><value value="http://who.int"/></telecom></contact><description value="Description not yet available for FHIRCommonLogic."/></Library>