<?xml version="1.0" encoding="UTF-8"?><ValueSet xmlns="http://hl7.org/fhir"><id value="HIV.B.DE172"/><meta><profile value="http://hl7.org/fhir/uv/crmi/StructureDefinition/crmi-shareablevalueset"/><profile value="http://hl7.org/fhir/uv/crmi/StructureDefinition/crmi-publishablevalueset"/><profile value="http://hl7.org/fhir/uv/crmi/StructureDefinition/crmi-computablevalueset"/></meta><text><status value="extensions"/><div xmlns="http://www.w3.org/1999/xhtml"><p class="res-header-id"><b>Generated Narrative: ValueSet HIV.B.DE172</b></p><a name="HIV.B.DE172"> </a><a name="hcHIV.B.DE172"> </a><a name="hcHIV.B.DE172-en-US"> </a><ul><li>Include these codes as defined in <a href="CodeSystem-HIVConcepts.html"><code>http://smart.who.int/hiv/CodeSystem/HIVConcepts</code></a><table class="none"><tr><td style="white-space:nowrap"><b>Code</b></td><td><b>Display</b></td><td><b>Definition</b></td></tr><tr><td><a href="CodeSystem-HIVConcepts.html#HIVConcepts-HIV.46B.46DE173">HIV.B.DE173</a></td><td>Mental health services</td><td>Offer or refer for mental health services</td></tr><tr><td><a href="CodeSystem-HIVConcepts.html#HIVConcepts-HIV.46B.46DE174">HIV.B.DE174</a></td><td>Psychosocial counselling, support and treatment adherence counselling</td><td>Offer or refer for psychosocial counselling, support and treatment adherence counselling</td></tr><tr><td><a href="CodeSystem-HIVConcepts.html#HIVConcepts-HIV.46B.46DE175">HIV.B.DE175</a></td><td>Support for disclosure and partner services</td><td>Offer or refer for support for disclosure and partner services</td></tr><tr><td><a href="CodeSystem-HIVConcepts.html#HIVConcepts-HIV.46B.46DE176">HIV.B.DE176</a></td><td>Legal and social services</td><td>Offer or refer for legal and social services</td></tr><tr><td><a href="CodeSystem-HIVConcepts.html#HIVConcepts-HIV.46B.46DE177">HIV.B.DE177</a></td><td>Services for responding to violence against women</td><td>Offer or refer for services for responding to violence against women, including first-line support and psychosocial support, post-rape care and other support services including shelters, legal services and women and child protection services</td></tr></table></li></ul></div></text><url value="http://smart.who.int/hiv/ValueSet/HIV.B.DE172"/><version value="0.1.0"/><name value="HIVBDE172"/><title value="Other support services ValueSet"/><status value="active"/><experimental value="true"/><date value="2024-06-29T17:44:13+00:00"/><publisher value="WHO"/><contact><name value="WHO"/><telecom><system value="url"/><value value="http://who.int"/></telecom></contact><description value="Value set of offer or refer for other support services"/><compose><include><system value="http://smart.who.int/hiv/CodeSystem/HIVConcepts"/><concept><code value="HIV.B.DE173"/><display value="Mental health services"/></concept><concept><code value="HIV.B.DE174"/><display value="Psychosocial counselling, support and treatment adherence counselling"/></concept><concept><code value="HIV.B.DE175"/><display value="Support for disclosure and partner services"/></concept><concept><code value="HIV.B.DE176"/><display value="Legal and social services"/></concept><concept><code value="HIV.B.DE177"/><display value="Services for responding to violence against women"/></concept></include></compose></ValueSet>