<?xml version="1.0" encoding="UTF-8"?><ValueSet xmlns="http://hl7.org/fhir"><id value="HIV.D.DE947"/><meta><profile value="http://hl7.org/fhir/uv/crmi/StructureDefinition/crmi-shareablevalueset"/><profile value="http://hl7.org/fhir/uv/crmi/StructureDefinition/crmi-publishablevalueset"/><profile value="http://hl7.org/fhir/uv/crmi/StructureDefinition/crmi-computablevalueset"/></meta><text><status value="extensions"/><div xmlns="http://www.w3.org/1999/xhtml"><p class="res-header-id"><b>Generated Narrative: ValueSet HIV.D.DE947</b></p><a name="HIV.D.DE947"> </a><a name="hcHIV.D.DE947"> </a><a name="hcHIV.D.DE947-en-US"> </a><ul><li>Include these codes as defined in <a href="CodeSystem-HIVConcepts.html"><code>http://smart.who.int/hiv/CodeSystem/HIVConcepts</code></a><table class="none"><tr><td style="white-space:nowrap"><b>Code</b></td><td><b>Display</b></td><td><b>Definition</b></td></tr><tr><td><a href="CodeSystem-HIVConcepts.html#HIVConcepts-HIV.46D.46DE948">HIV.D.DE948</a></td><td>New</td><td>A person with TB disease who has never been treated for TB before or has only previously ever taken TB drugs for less than 1 month</td></tr><tr><td><a href="CodeSystem-HIVConcepts.html#HIVConcepts-HIV.46D.46DE949">HIV.D.DE949</a></td><td>Recurrent</td><td>A person with TB disease who was previously treated for TB, was declared cured or treatment completed at the end of their most recent course of TB treatment and is now diagnosed with a new episode of TB.</td></tr><tr><td><a href="CodeSystem-HIVConcepts.html#HIVConcepts-HIV.46D.46DE950">HIV.D.DE950</a></td><td>Re-registered</td><td>A person with TB disease who had been notified previously as a TB case, but was not declared cured or treatment completed, and is now being registered for a new course of TB treatment. </td></tr><tr><td><a href="CodeSystem-HIVConcepts.html#HIVConcepts-HIV.46D.46DE951">HIV.D.DE951</a></td><td>Unknown</td><td>A person with TB disease who has undocumented history of TB treatment</td></tr></table></li></ul></div></text><url value="http://smart.who.int/hiv/ValueSet/HIV.D.DE947"/><version value="0.1.0"/><name value="HIVDDE947"/><title value="TB treatment history ValueSet"/><status value="active"/><experimental value="true"/><date value="2024-06-29T18:14:02+00:00"/><publisher value="WHO"/><contact><name value="WHO"/><telecom><system value="url"/><value value="http://who.int"/></telecom></contact><description value="Value set of history of previous TB treatment"/><compose><include><system value="http://smart.who.int/hiv/CodeSystem/HIVConcepts"/><concept><code value="HIV.D.DE948"/><display value="New"/></concept><concept><code value="HIV.D.DE949"/><display value="Recurrent"/></concept><concept><code value="HIV.D.DE950"/><display value="Re-registered"/></concept><concept><code value="HIV.D.DE951"/><display value="Unknown"/></concept></include></compose></ValueSet>