<?xml version="1.0" encoding="UTF-8"?><ValueSet xmlns="http://hl7.org/fhir"><id value="HIV.D.DE225"/><meta><profile value="http://hl7.org/fhir/uv/crmi/StructureDefinition/crmi-shareablevalueset"/><profile value="http://hl7.org/fhir/uv/crmi/StructureDefinition/crmi-publishablevalueset"/><profile value="http://hl7.org/fhir/uv/crmi/StructureDefinition/crmi-computablevalueset"/></meta><text><status value="extensions"/><div xmlns="http://www.w3.org/1999/xhtml"><p class="res-header-id"><b>Generated Narrative: ValueSet HIV.D.DE225</b></p><a name="HIV.D.DE225"> </a><a name="hcHIV.D.DE225"> </a><a name="hcHIV.D.DE225-en-US"> </a><ul><li>Include these codes as defined in <a href="CodeSystem-HIVConcepts.html"><code>http://smart.who.int/hiv/CodeSystem/HIVConcepts</code></a><table class="none"><tr><td style="white-space:nowrap"><b>Code</b></td><td><b>Display</b></td><td><b>Definition</b></td></tr><tr><td><a href="CodeSystem-HIVConcepts.html#HIVConcepts-HIV.46D.46DE226">HIV.D.DE226</a></td><td>Clinical failure</td><td>New or recurrent clinical event indicating severe immunodeficiency in adults or advanced or severe immunodeficiency in children</td></tr><tr><td><a href="CodeSystem-HIVConcepts.html#HIVConcepts-HIV.46D.46DE227">HIV.D.DE227</a></td><td>Immunological failure</td><td>CD4 count at or below 250 cells/mm3 following clinical failure</td></tr><tr><td><a href="CodeSystem-HIVConcepts.html#HIVConcepts-HIV.46D.46DE228">HIV.D.DE228</a></td><td>Virological failure</td><td>The inability to achieve or maintain viral suppression below a certain threshold indicated by viral load above 1000 copies/mL based on two consecutive viral load measurements in 3 months, with adherence support following the first viral load test</td></tr></table></li></ul></div></text><url value="http://smart.who.int/hiv/ValueSet/HIV.D.DE225"/><version value="0.1.0"/><name value="HIVDDE225"/><title value="Treatment failure ValueSet"/><status value="active"/><experimental value="true"/><date value="2024-06-29T18:14:02+00:00"/><publisher value="WHO"/><contact><name value="WHO"/><telecom><system value="url"/><value value="http://who.int"/></telecom></contact><description value="Value set of aRT treatment failure"/><compose><include><system value="http://smart.who.int/hiv/CodeSystem/HIVConcepts"/><concept><code value="HIV.D.DE226"/><display value="Clinical failure"/></concept><concept><code value="HIV.D.DE227"/><display value="Immunological failure"/></concept><concept><code value="HIV.D.DE228"/><display value="Virological failure"/></concept></include></compose></ValueSet>