<?xml version="1.0" encoding="UTF-8"?><ValueSet xmlns="http://hl7.org/fhir"><id value="HIV.D.DE836"/><meta><profile value="http://hl7.org/fhir/uv/crmi/StructureDefinition/crmi-shareablevalueset"/><profile value="http://hl7.org/fhir/uv/crmi/StructureDefinition/crmi-publishablevalueset"/><profile value="http://hl7.org/fhir/uv/crmi/StructureDefinition/crmi-computablevalueset"/></meta><text><status value="extensions"/><div xmlns="http://www.w3.org/1999/xhtml"><p class="res-header-id"><b>Generated Narrative: ValueSet HIV.D.DE836</b></p><a name="HIV.D.DE836"> </a><a name="hcHIV.D.DE836"> </a><a name="hcHIV.D.DE836-en-US"> </a><ul><li>Include these codes as defined in <a href="CodeSystem-HIVConcepts.html"><code>http://smart.who.int/hiv/CodeSystem/HIVConcepts</code></a><table class="none"><tr><td style="white-space:nowrap"><b>Code</b></td><td><b>Display</b></td><td><b>Definition</b></td></tr><tr><td><a href="CodeSystem-HIVConcepts.html#HIVConcepts-HIV.46D.46DE837">HIV.D.DE837</a></td><td>NAAT</td><td>Nucleic Acid Amplification Test (NAAT) used</td></tr><tr><td><a href="CodeSystem-HIVConcepts.html#HIVConcepts-HIV.46D.46DE838">HIV.D.DE838</a></td><td>POC Test</td><td>Point-of-care (POC) test used</td></tr><tr><td><a href="CodeSystem-HIVConcepts.html#HIVConcepts-HIV.46D.46DE839">HIV.D.DE839</a></td><td>Culture</td><td>Culture test used</td></tr><tr><td><a href="CodeSystem-HIVConcepts.html#HIVConcepts-HIV.46D.46DE840">HIV.D.DE840</a></td><td>ELISA</td><td>ELISA test used</td></tr><tr><td><a href="CodeSystem-HIVConcepts.html#HIVConcepts-HIV.46D.46DE841">HIV.D.DE841</a></td><td>Microscopy</td><td>Microscopy test used</td></tr><tr><td><a href="CodeSystem-HIVConcepts.html#HIVConcepts-HIV.46D.46DE842">HIV.D.DE842</a></td><td>Other</td><td>Other type of test used</td></tr></table></li></ul></div></text><url value="http://smart.who.int/hiv/ValueSet/HIV.D.DE836"/><version value="0.1.0"/><name value="HIVDDE836"/><title value="Chlamydia trachomatis test type ValueSet"/><status value="active"/><experimental value="true"/><date value="2024-06-29T17:44:13+00:00"/><publisher value="WHO"/><contact><name value="WHO"/><telecom><system value="url"/><value value="http://who.int"/></telecom></contact><description value="Value set of type of diagnostic test used for Chlamydia trachomatis"/><compose><include><system value="http://smart.who.int/hiv/CodeSystem/HIVConcepts"/><concept><code value="HIV.D.DE837"/><display value="NAAT"/></concept><concept><code value="HIV.D.DE838"/><display value="POC Test"/></concept><concept><code value="HIV.D.DE839"/><display value="Culture"/></concept><concept><code value="HIV.D.DE840"/><display value="ELISA"/></concept><concept><code value="HIV.D.DE841"/><display value="Microscopy"/></concept><concept><code value="HIV.D.DE842"/><display value="Other"/></concept></include></compose></ValueSet>