<?xml version="1.0" encoding="UTF-8"?><ValueSet xmlns="http://hl7.org/fhir"><id value="HIV.E.DE220"/><meta><profile value="http://hl7.org/fhir/uv/crmi/StructureDefinition/crmi-shareablevalueset"/><profile value="http://hl7.org/fhir/uv/crmi/StructureDefinition/crmi-publishablevalueset"/><profile value="http://hl7.org/fhir/uv/crmi/StructureDefinition/crmi-computablevalueset"/></meta><text><status value="extensions"/><div xmlns="http://www.w3.org/1999/xhtml"><p class="res-header-id"><b>Generated Narrative: ValueSet HIV.E.DE220</b></p><a name="HIV.E.DE220"> </a><a name="hcHIV.E.DE220"> </a><a name="hcHIV.E.DE220-en-US"> </a><ul><li>Include these codes as defined in <a href="CodeSystem-HIVConcepts.html"><code>http://smart.who.int/hiv/CodeSystem/HIVConcepts</code></a><table class="none"><tr><td style="white-space:nowrap"><b>Code</b></td><td><b>Display</b></td><td><b>Definition</b></td></tr><tr><td><a href="CodeSystem-HIVConcepts.html#HIVConcepts-HIV.46E.46DE221">HIV.E.DE221</a></td><td>Reactive</td><td>The result of the first syphilis assay repeated in the testing strategy was reactive</td></tr><tr><td><a href="CodeSystem-HIVConcepts.html#HIVConcepts-HIV.46E.46DE222">HIV.E.DE222</a></td><td>Non-reactive</td><td>The result of the first syphilis assay repeated in the testing strategy was non-reactive</td></tr><tr><td><a href="CodeSystem-HIVConcepts.html#HIVConcepts-HIV.46E.46DE223">HIV.E.DE223</a></td><td>Invalid</td><td>The result of the first syphilis assay repeated in the testing strategy was invalid</td></tr></table></li></ul></div></text><url value="http://smart.who.int/hiv/ValueSet/HIV.E.DE220"/><version value="0.1.0"/><name value="HIVEDE220"/><title value="Test result of syphilis assay 1 repeated ValueSet"/><status value="active"/><experimental value="true"/><date value="2024-06-29T18:14:02+00:00"/><publisher value="WHO"/><contact><name value="WHO"/><telecom><system value="url"/><value value="http://who.int"/></telecom></contact><description value="Value set of the result of the first syphilis assay repeated in the testing strategy"/><compose><include><system value="http://smart.who.int/hiv/CodeSystem/HIVConcepts"/><concept><code value="HIV.E.DE221"/><display value="Reactive"/></concept><concept><code value="HIV.E.DE222"/><display value="Non-reactive"/></concept><concept><code value="HIV.E.DE223"/><display value="Invalid"/></concept></include></compose></ValueSet>