<?xml version="1.0" encoding="UTF-8"?><ValueSet xmlns="http://hl7.org/fhir"><id value="HIV.E.DE155"/><meta><profile value="http://hl7.org/fhir/uv/crmi/StructureDefinition/crmi-shareablevalueset"/><profile value="http://hl7.org/fhir/uv/crmi/StructureDefinition/crmi-publishablevalueset"/><profile value="http://hl7.org/fhir/uv/crmi/StructureDefinition/crmi-computablevalueset"/></meta><text><status value="extensions"/><div xmlns="http://www.w3.org/1999/xhtml"><p class="res-header-id"><b>Generated Narrative: ValueSet HIV.E.DE155</b></p><a name="HIV.E.DE155"> </a><a name="hcHIV.E.DE155"> </a><a name="hcHIV.E.DE155-en-US"> </a><ul><li>Include these codes as defined in <a href="CodeSystem-HIVConcepts.html"><code>http://smart.who.int/hiv/CodeSystem/HIVConcepts</code></a><table class="none"><tr><td style="white-space:nowrap"><b>Code</b></td><td><b>Display</b></td><td><b>Definition</b></td></tr><tr><td><a href="CodeSystem-HIVConcepts.html#HIVConcepts-HIV.46E.46DE156">HIV.E.DE156</a></td><td>No condom use during sex with more than one partner in the past 6 months</td><td>Recent vaginal or anal sexual intercourse without a condom with more than one partner</td></tr><tr><td><a href="CodeSystem-HIVConcepts.html#HIVConcepts-HIV.46E.46DE157">HIV.E.DE157</a></td><td>STI in the past 6 months</td><td>A recent history (in the last 6 months) of a sexually transmitted infection (STI) by laboratory testing or self-report of syndromic STI treatment</td></tr><tr><td><a href="CodeSystem-HIVConcepts.html#HIVConcepts-HIV.46E.46DE158">HIV.E.DE158</a></td><td>A sexual partner in the past 6 months had one or more HIV risk factors</td><td>A recent sex partner of the client had HIV risk factors</td></tr><tr><td><a href="CodeSystem-HIVConcepts.html#HIVConcepts-HIV.46E.46DE159">HIV.E.DE159</a></td><td>PrEP requested by client</td><td>Client is requesting PrEP, reflecting a decision-making process has already taken place and suggesting of substantial risk of HIV</td></tr></table></li></ul></div></text><url value="http://smart.who.int/hiv/ValueSet/HIV.E.DE155"/><version value="0.1.0"/><name value="HIVEDE155"/><title value="Signs of substantial risk of HIV infection ValueSet"/><status value="active"/><experimental value="true"/><date value="2024-06-29T17:44:13+00:00"/><publisher value="WHO"/><contact><name value="WHO"/><telecom><system value="url"/><value value="http://who.int"/></telecom></contact><description value="Value set of signs the client is at a substantial risk of HIV infection"/><compose><include><system value="http://smart.who.int/hiv/CodeSystem/HIVConcepts"/><concept><code value="HIV.E.DE156"/><display value="No condom use during sex with more than one partner in the past 6 months"/></concept><concept><code value="HIV.E.DE157"/><display value="STI in the past 6 months"/></concept><concept><code value="HIV.E.DE158"/><display value="A sexual partner in the past 6 months had one or more HIV risk factors"/></concept><concept><code value="HIV.E.DE159"/><display value="PrEP requested by client"/></concept></include></compose></ValueSet>