<?xml version="1.0" encoding="UTF-8"?><ValueSet xmlns="http://hl7.org/fhir"><id value="HIV.D.DE986"/><meta><profile value="http://hl7.org/fhir/uv/crmi/StructureDefinition/crmi-shareablevalueset"/><profile value="http://hl7.org/fhir/uv/crmi/StructureDefinition/crmi-publishablevalueset"/><profile value="http://hl7.org/fhir/uv/crmi/StructureDefinition/crmi-computablevalueset"/></meta><text><status value="extensions"/><div xmlns="http://www.w3.org/1999/xhtml"><p class="res-header-id"><b>Generated Narrative: ValueSet HIV.D.DE986</b></p><a name="HIV.D.DE986"> </a><a name="hcHIV.D.DE986"> </a><a name="hcHIV.D.DE986-en-US"> </a><ul><li>Include these codes as defined in <a href="CodeSystem-HIVConcepts.html"><code>http://smart.who.int/hiv/CodeSystem/HIVConcepts</code></a><table class="none"><tr><td style="white-space:nowrap"><b>Code</b></td><td><b>Display</b></td><td><b>Definition</b></td></tr><tr><td><a href="CodeSystem-HIVConcepts.html#HIVConcepts-HIV.46D.46DE987">HIV.D.DE987</a></td><td>Screen positive for TB</td><td>Screening result was positive for tuberculosis (TB)</td></tr><tr><td><a href="CodeSystem-HIVConcepts.html#HIVConcepts-HIV.46D.46DE988">HIV.D.DE988</a></td><td>Screen negative for TB</td><td>Screening result was negative for tuberculosis (TB)</td></tr><tr><td><a href="CodeSystem-HIVConcepts.html#HIVConcepts-HIV.46D.46DE989">HIV.D.DE989</a></td><td>Inconclusive</td><td>Screening result was inconclusive for tuberculosis (TB)</td></tr></table></li></ul></div></text><url value="http://smart.who.int/hiv/ValueSet/HIV.D.DE986"/><version value="0.1.0"/><name value="HIVDDE986"/><title value="TB screening result ValueSet"/><status value="active"/><experimental value="true"/><date value="2024-06-29T17:44:13+00:00"/><publisher value="WHO"/><contact><name value="WHO"/><telecom><system value="url"/><value value="http://who.int"/></telecom></contact><description value="Value set of record the result of the tuberculosis (TB) screening"/><compose><include><system value="http://smart.who.int/hiv/CodeSystem/HIVConcepts"/><concept><code value="HIV.D.DE987"/><display value="Screen positive for TB"/></concept><concept><code value="HIV.D.DE988"/><display value="Screen negative for TB"/></concept><concept><code value="HIV.D.DE989"/><display value="Inconclusive"/></concept></include></compose></ValueSet>