<?xml version="1.0" encoding="UTF-8"?><ValueSet xmlns="http://hl7.org/fhir"><id value="HIV.E.DE127"/><meta><profile value="http://hl7.org/fhir/uv/crmi/StructureDefinition/crmi-shareablevalueset"/><profile value="http://hl7.org/fhir/uv/crmi/StructureDefinition/crmi-publishablevalueset"/><profile value="http://hl7.org/fhir/uv/crmi/StructureDefinition/crmi-computablevalueset"/></meta><text><status value="extensions"/><div xmlns="http://www.w3.org/1999/xhtml"><p class="res-header-id"><b>Generated Narrative: ValueSet HIV.E.DE127</b></p><a name="HIV.E.DE127"> </a><a name="hcHIV.E.DE127"> </a><a name="hcHIV.E.DE127-en-US"> </a><ul><li>Include these codes as defined in <a href="CodeSystem-HIVConcepts.html"><code>http://smart.who.int/hiv/CodeSystem/HIVConcepts</code></a><table class="none"><tr><td style="white-space:nowrap"><b>Code</b></td><td><b>Display</b></td><td><b>Definition</b></td></tr><tr><td><a href="CodeSystem-HIVConcepts.html#HIVConcepts-HIV.46E.46DE128">HIV.E.DE128</a></td><td>Exclusively breastfeeding</td><td>Specifies whether the infant is exclusively being breastfed by the mother</td></tr><tr><td><a href="CodeSystem-HIVConcepts.html#HIVConcepts-HIV.46E.46DE129">HIV.E.DE129</a></td><td>Replacement feeding</td><td>Infant is not receiving any breast milk with a diet that provides all the nutrients needed until they can be fully fed on family foods</td></tr><tr><td><a href="CodeSystem-HIVConcepts.html#HIVConcepts-HIV.46E.46DE130">HIV.E.DE130</a></td><td>Mixed feeding</td><td>Infant younger than 6 months of age is given other liquids and/or foods together with breast milk. This could be water, other types of milk or any type of solid food.</td></tr></table></li></ul></div></text><url value="http://smart.who.int/hiv/ValueSet/HIV.E.DE127"/><version value="0.1.0"/><name value="HIVEDE127"/><title value="Infant feeding practice ValueSet"/><status value="active"/><experimental value="true"/><date value="2024-06-29T18:14:02+00:00"/><publisher value="WHO"/><contact><name value="WHO"/><telecom><system value="url"/><value value="http://who.int"/></telecom></contact><description value="Value set of infant feeding practice"/><compose><include><system value="http://smart.who.int/hiv/CodeSystem/HIVConcepts"/><concept><code value="HIV.E.DE128"/><display value="Exclusively breastfeeding"/></concept><concept><code value="HIV.E.DE129"/><display value="Replacement feeding"/></concept><concept><code value="HIV.E.DE130"/><display value="Mixed feeding"/></concept></include></compose></ValueSet>