<?xml version="1.0" encoding="UTF-8"?><ValueSet xmlns="http://hl7.org/fhir"><id value="HIV.D.DE813"/><meta><profile value="http://hl7.org/fhir/uv/crmi/StructureDefinition/crmi-shareablevalueset"/><profile value="http://hl7.org/fhir/uv/crmi/StructureDefinition/crmi-publishablevalueset"/><profile value="http://hl7.org/fhir/uv/crmi/StructureDefinition/crmi-computablevalueset"/></meta><text><status value="extensions"/><div xmlns="http://www.w3.org/1999/xhtml"><p class="res-header-id"><b>Generated Narrative: ValueSet HIV.D.DE813</b></p><a name="HIV.D.DE813"> </a><a name="hcHIV.D.DE813"> </a><a name="hcHIV.D.DE813-en-US"> </a><ul><li>Include these codes as defined in <a href="CodeSystem-HIVConcepts.html"><code>http://smart.who.int/hiv/CodeSystem/HIVConcepts</code></a><table class="none"><tr><td style="white-space:nowrap"><b>Code</b></td><td><b>Display</b></td><td><b>Definition</b></td></tr><tr><td><a href="CodeSystem-HIVConcepts.html#HIVConcepts-HIV.46D.46DE814">HIV.D.DE814</a></td><td>Blood</td><td>Blood specimen to be collected</td></tr><tr><td><a href="CodeSystem-HIVConcepts.html#HIVConcepts-HIV.46D.46DE815">HIV.D.DE815</a></td><td>Urine</td><td>Urine specimen to be collected</td></tr><tr><td><a href="CodeSystem-HIVConcepts.html#HIVConcepts-HIV.46D.46DE816">HIV.D.DE816</a></td><td>Cervical or vaginal swab</td><td>Cervical or vaginal swab to be collected</td></tr><tr><td><a href="CodeSystem-HIVConcepts.html#HIVConcepts-HIV.46D.46DE817">HIV.D.DE817</a></td><td>Urethral or penile swab</td><td>Urethral or penile swab to be collected</td></tr><tr><td><a href="CodeSystem-HIVConcepts.html#HIVConcepts-HIV.46D.46DE818">HIV.D.DE818</a></td><td>Rectal swab</td><td>Rectal swab to be collected</td></tr><tr><td><a href="CodeSystem-HIVConcepts.html#HIVConcepts-HIV.46D.46DE819">HIV.D.DE819</a></td><td>Other</td><td>Other specimen type to be collected</td></tr></table></li></ul></div></text><url value="http://smart.who.int/hiv/ValueSet/HIV.D.DE813"/><version value="0.1.0"/><name value="HIVDDE813"/><title value="Type of specimen ValueSet"/><status value="active"/><experimental value="true"/><date value="2024-06-29T18:14:02+00:00"/><publisher value="WHO"/><contact><name value="WHO"/><telecom><system value="url"/><value value="http://who.int"/></telecom></contact><description value="Value set of type of specimen to be collected"/><compose><include><system value="http://smart.who.int/hiv/CodeSystem/HIVConcepts"/><concept><code value="HIV.D.DE814"/><display value="Blood"/></concept><concept><code value="HIV.D.DE815"/><display value="Urine"/></concept><concept><code value="HIV.D.DE816"/><display value="Cervical or vaginal swab"/></concept><concept><code value="HIV.D.DE817"/><display value="Urethral or penile swab"/></concept><concept><code value="HIV.D.DE818"/><display value="Rectal swab"/></concept><concept><code value="HIV.D.DE819"/><display value="Other"/></concept></include></compose></ValueSet>