<?xml version="1.0" encoding="UTF-8"?><ValueSet xmlns="http://hl7.org/fhir"><id value="HIV.C.DE11"/><meta><profile value="http://hl7.org/fhir/uv/crmi/StructureDefinition/crmi-shareablevalueset"/><profile value="http://hl7.org/fhir/uv/crmi/StructureDefinition/crmi-publishablevalueset"/><profile value="http://hl7.org/fhir/uv/crmi/StructureDefinition/crmi-computablevalueset"/></meta><text><status value="extensions"/><div xmlns="http://www.w3.org/1999/xhtml"><p class="res-header-id"><b>Generated Narrative: ValueSet HIV.C.DE11</b></p><a name="HIV.C.DE11"> </a><a name="hcHIV.C.DE11"> </a><a name="hcHIV.C.DE11-en-US"> </a><ul><li>Include these codes as defined in <a href="CodeSystem-HIVConcepts.html"><code>http://smart.who.int/hiv/CodeSystem/HIVConcepts</code></a><table class="none"><tr><td style="white-space:nowrap"><b>Code</b></td><td><b>Display</b></td><td><b>Definition</b></td></tr><tr><td><a href="CodeSystem-HIVConcepts.html#HIVConcepts-HIV.46C.46DE12">HIV.C.DE12</a></td><td>Daily oral PrEP</td><td>Pre-exposure prophylaxis (PrEP) is taken every day</td></tr><tr><td><a href="CodeSystem-HIVConcepts.html#HIVConcepts-HIV.46C.46DE13">HIV.C.DE13</a></td><td>Event-driven PrEP (2+1+1)</td><td>Event-driven pre-exposure prophylaxis (PrEP) is taken on an even-driven basis (2+1+1)</td></tr><tr><td><a href="CodeSystem-HIVConcepts.html#HIVConcepts-HIV.46C.46DE14">HIV.C.DE14</a></td><td>Other PrEP dosing type</td><td>Other PrEP dosing type</td></tr></table></li></ul></div></text><url value="http://smart.who.int/hiv/ValueSet/HIV.C.DE11"/><version value="0.1.0"/><name value="HIVCDE11"/><title value="PrEP dosing type ValueSet"/><status value="active"/><experimental value="true"/><date value="2024-06-29T18:14:02+00:00"/><publisher value="WHO"/><contact><name value="WHO"/><telecom><system value="url"/><value value="http://who.int"/></telecom></contact><description value="Value set of way in which pre-exposure prophylaxis (PrEP) is taken (daily or event-driven)"/><compose><include><system value="http://smart.who.int/hiv/CodeSystem/HIVConcepts"/><concept><code value="HIV.C.DE12"/><display value="Daily oral PrEP"/></concept><concept><code value="HIV.C.DE13"/><display value="Event-driven PrEP (2+1+1)"/></concept><concept><code value="HIV.C.DE14"/><display value="Other PrEP dosing type"/></concept></include></compose></ValueSet>