<?xml version="1.0" encoding="UTF-8"?><ValueSet xmlns="http://hl7.org/fhir"><id value="HIV.C.DE157"/><meta><profile value="http://hl7.org/fhir/uv/crmi/StructureDefinition/crmi-shareablevalueset"/><profile value="http://hl7.org/fhir/uv/crmi/StructureDefinition/crmi-publishablevalueset"/><profile value="http://hl7.org/fhir/uv/crmi/StructureDefinition/crmi-computablevalueset"/></meta><text><status value="extensions"/><div xmlns="http://www.w3.org/1999/xhtml"><p class="res-header-id"><b>Generated Narrative: ValueSet HIV.C.DE157</b></p><a name="HIV.C.DE157"> </a><a name="hcHIV.C.DE157"> </a><a name="hcHIV.C.DE157-en-US"> </a><ul><li>Include these codes as defined in <a href="CodeSystem-HIVConcepts.html"><code>http://smart.who.int/hiv/CodeSystem/HIVConcepts</code></a><table class="none"><tr><td style="white-space:nowrap"><b>Code</b></td><td><b>Display</b></td><td><b>Definition</b></td></tr><tr><td><a href="CodeSystem-HIVConcepts.html#HIVConcepts-HIV.46C.46DE158">HIV.C.DE158</a></td><td>Assessment and provision of vaccinations</td><td>Assessment and provision of vaccinations, such as for people from key populations, pregnant women and infants; and, where appropriate, tetanus vaccination for adolescent boys and men receiving VMMC</td></tr><tr><td><a href="CodeSystem-HIVConcepts.html#HIVConcepts-HIV.46C.46DE159">HIV.C.DE159</a></td><td>Hepatitis B virus (HBV) and hepatitis C virus (HCV) testing and treatment</td><td>Offer or refer for HBV testing and vaccination and HCV testing and treatment</td></tr><tr><td><a href="CodeSystem-HIVConcepts.html#HIVConcepts-HIV.46C.46DE160">HIV.C.DE160</a></td><td>Co-trimoxazole chemoprophylaxis to prevent pneumocystis carinii pneumonia</td><td>Offer or refer for co-trimoxazole chemoprophylaxis to prevent pneumocystis carinii pneumonia</td></tr><tr><td><a href="CodeSystem-HIVConcepts.html#HIVConcepts-HIV.46C.46DE161">HIV.C.DE161</a></td><td>Intensified TB case finding and linkage to TB treatment</td><td>Offer or refer for TB case finding and linkage to TB treatment</td></tr><tr><td><a href="CodeSystem-HIVConcepts.html#HIVConcepts-HIV.46C.46DE162">HIV.C.DE162</a></td><td>Provision of isoniazid preventive therapy if person does not have TB</td><td>Offer or refer for provision of isoniazid preventive therapy if person does not have TB</td></tr><tr><td><a href="CodeSystem-HIVConcepts.html#HIVConcepts-HIV.46C.46DE163">HIV.C.DE163</a></td><td>Malaria prevention (such as bed nets and prophylaxis), depending on epidemiology</td><td>Offer or refer for malaria prevention (such as bed nets and prophylaxis), depending on epidemiology</td></tr></table></li></ul></div></text><url value="http://smart.who.int/hiv/ValueSet/HIV.C.DE157"/><version value="0.1.0"/><name value="HIVCDE157"/><title value="Offer other clinical services ValueSet"/><status value="active"/><experimental value="true"/><date value="2024-06-29T18:14:02+00:00"/><publisher value="WHO"/><contact><name value="WHO"/><telecom><system value="url"/><value value="http://who.int"/></telecom></contact><description value="Value set of other clinical services offered or referrals given to the client"/><compose><include><system value="http://smart.who.int/hiv/CodeSystem/HIVConcepts"/><concept><code value="HIV.C.DE158"/><display value="Assessment and provision of vaccinations"/></concept><concept><code value="HIV.C.DE159"/><display value="Hepatitis B virus (HBV) and hepatitis C virus (HCV) testing and treatment"/></concept><concept><code value="HIV.C.DE160"/><display value="Co-trimoxazole chemoprophylaxis to prevent pneumocystis carinii pneumonia"/></concept><concept><code value="HIV.C.DE161"/><display value="Intensified TB case finding and linkage to TB treatment"/></concept><concept><code value="HIV.C.DE162"/><display value="Provision of isoniazid preventive therapy if person does not have TB"/></concept><concept><code value="HIV.C.DE163"/><display value="Malaria prevention (such as bed nets and prophylaxis), depending on epidemiology"/></concept></include></compose></ValueSet>