<?xml version="1.0" encoding="UTF-8"?><ValueSet xmlns="http://hl7.org/fhir"><id value="HIV.D.DE593"/><meta><profile value="http://hl7.org/fhir/uv/crmi/StructureDefinition/crmi-shareablevalueset"/><profile value="http://hl7.org/fhir/uv/crmi/StructureDefinition/crmi-publishablevalueset"/><profile value="http://hl7.org/fhir/uv/crmi/StructureDefinition/crmi-computablevalueset"/></meta><text><status value="extensions"/><div xmlns="http://www.w3.org/1999/xhtml"><p class="res-header-id"><b>Generated Narrative: ValueSet HIV.D.DE593</b></p><a name="HIV.D.DE593"> </a><a name="hcHIV.D.DE593"> </a><a name="hcHIV.D.DE593-en-US"> </a><ul><li>Include these codes as defined in <a href="CodeSystem-HIVConcepts.html"><code>http://smart.who.int/hiv/CodeSystem/HIVConcepts</code></a><table class="none"><tr><td style="white-space:nowrap"><b>Code</b></td><td><b>Display</b></td><td><b>Definition</b></td></tr><tr><td><a href="CodeSystem-HIVConcepts.html#HIVConcepts-HIV.46D.46DE594">HIV.D.DE594</a></td><td>Currently taking</td><td>The medication is still being taken (active)</td></tr><tr><td><a href="CodeSystem-HIVConcepts.html#HIVConcepts-HIV.46D.46DE595">HIV.D.DE595</a></td><td>Completed</td><td>The medication is no longer being taken</td></tr><tr><td><a href="CodeSystem-HIVConcepts.html#HIVConcepts-HIV.46D.46DE596">HIV.D.DE596</a></td><td>Entered in error</td><td>Entered in error</td></tr><tr><td><a href="CodeSystem-HIVConcepts.html#HIVConcepts-HIV.46D.46DE597">HIV.D.DE597</a></td><td>Intended</td><td>The medication may be taken at some time in the future</td></tr><tr><td><a href="CodeSystem-HIVConcepts.html#HIVConcepts-HIV.46D.46DE598">HIV.D.DE598</a></td><td>Stopped</td><td>Actions implied by the statement have been permanently halted, before all of them occurred. This should not be used if the statement was entered in error.</td></tr><tr><td><a href="CodeSystem-HIVConcepts.html#HIVConcepts-HIV.46D.46DE599">HIV.D.DE599</a></td><td>On hold</td><td>The client has temporarily stopped taking the medication, but is expected to continue again later. May also be called 'suspended'.</td></tr><tr><td><a href="CodeSystem-HIVConcepts.html#HIVConcepts-HIV.46D.46DE600">HIV.D.DE600</a></td><td>Unknown</td><td>The state of the medication use is not currently known</td></tr><tr><td><a href="CodeSystem-HIVConcepts.html#HIVConcepts-HIV.46D.46DE601">HIV.D.DE601</a></td><td>Did not take</td><td>The client did not take the medication</td></tr></table></li></ul></div></text><url value="http://smart.who.int/hiv/ValueSet/HIV.D.DE593"/><version value="0.1.0"/><name value="HIVDDE593"/><title value="Medication status ValueSet"/><status value="active"/><experimental value="true"/><date value="2024-06-29T17:44:13+00:00"/><publisher value="WHO"/><contact><name value="WHO"/><telecom><system value="url"/><value value="http://who.int"/></telecom></contact><description value="Value set of current state of the client's taking of the medication"/><compose><include><system value="http://smart.who.int/hiv/CodeSystem/HIVConcepts"/><concept><code value="HIV.D.DE594"/><display value="Currently taking"/></concept><concept><code value="HIV.D.DE595"/><display value="Completed"/></concept><concept><code value="HIV.D.DE596"/><display value="Entered in error"/></concept><concept><code value="HIV.D.DE597"/><display value="Intended"/></concept><concept><code value="HIV.D.DE598"/><display value="Stopped"/></concept><concept><code value="HIV.D.DE599"/><display value="On hold"/></concept><concept><code value="HIV.D.DE600"/><display value="Unknown"/></concept><concept><code value="HIV.D.DE601"/><display value="Did not take"/></concept></include></compose></ValueSet>