<?xml version="1.0" encoding="UTF-8"?><ValueSet xmlns="http://hl7.org/fhir"><id value="HIV.B.DE1"/><meta><profile value="http://hl7.org/fhir/uv/crmi/StructureDefinition/crmi-shareablevalueset"/><profile value="http://hl7.org/fhir/uv/crmi/StructureDefinition/crmi-publishablevalueset"/><profile value="http://hl7.org/fhir/uv/crmi/StructureDefinition/crmi-computablevalueset"/></meta><text><status value="extensions"/><div xmlns="http://www.w3.org/1999/xhtml"><p class="res-header-id"><b>Generated Narrative: ValueSet HIV.B.DE1</b></p><a name="HIV.B.DE1"> </a><a name="hcHIV.B.DE1"> </a><a name="hcHIV.B.DE1-en-US"> </a><ul><li>Include these codes as defined in <a href="CodeSystem-HIVConcepts.html"><code>http://smart.who.int/hiv/CodeSystem/HIVConcepts</code></a><table class="none"><tr><td style="white-space:nowrap"><b>Code</b></td><td><b>Display</b></td><td><b>Definition</b></td></tr><tr><td><a href="CodeSystem-HIVConcepts.html#HIVConcepts-HIV.46B.46DE2">HIV.B.DE2</a></td><td>First-time HIV test</td><td>First encounter for screening for human immunodeficiency virus</td></tr><tr><td><a href="CodeSystem-HIVConcepts.html#HIVConcepts-HIV.46B.46DE3">HIV.B.DE3</a></td><td>Retesting for HIV</td><td>Retesting for human immunodeficiency virus</td></tr><tr><td><a href="CodeSystem-HIVConcepts.html#HIVConcepts-HIV.46B.46DE4">HIV.B.DE4</a></td><td>HIV testing services visit</td><td>Client attending facility for HIV testing services visit</td></tr></table></li></ul></div></text><url value="http://smart.who.int/hiv/ValueSet/HIV.B.DE1"/><version value="0.1.0"/><name value="HIVBDE1"/><title value="Reason for visit ValueSet"/><status value="active"/><experimental value="true"/><date value="2024-06-29T17:44:13+00:00"/><publisher value="WHO"/><contact><name value="WHO"/><telecom><system value="url"/><value value="http://who.int"/></telecom></contact><description value="Value set of reason for HIV testing services visit"/><compose><include><system value="http://smart.who.int/hiv/CodeSystem/HIVConcepts"/><concept><code value="HIV.B.DE2"/><display value="First-time HIV test"/></concept><concept><code value="HIV.B.DE3"/><display value="Retesting for HIV"/></concept><concept><code value="HIV.B.DE4"/><display value="HIV testing services visit"/></concept></include></compose></ValueSet>