<?xml version="1.0" encoding="UTF-8"?><ValueSet xmlns="http://hl7.org/fhir"><id value="HIV.C.DE75"/><meta><profile value="http://hl7.org/fhir/uv/crmi/StructureDefinition/crmi-shareablevalueset"/><profile value="http://hl7.org/fhir/uv/crmi/StructureDefinition/crmi-publishablevalueset"/><profile value="http://hl7.org/fhir/uv/crmi/StructureDefinition/crmi-computablevalueset"/></meta><text><status value="extensions"/><div xmlns="http://www.w3.org/1999/xhtml"><p class="res-header-id"><b>Generated Narrative: ValueSet HIV.C.DE75</b></p><a name="HIV.C.DE75"> </a><a name="hcHIV.C.DE75"> </a><a name="hcHIV.C.DE75-en-US"> </a><ul><li>Include these codes as defined in <a href="CodeSystem-HIVConcepts.html"><code>http://smart.who.int/hiv/CodeSystem/HIVConcepts</code></a><table class="none"><tr><td style="white-space:nowrap"><b>Code</b></td><td><b>Display</b></td><td><b>Definition</b></td></tr><tr><td><a href="CodeSystem-HIVConcepts.html#HIVConcepts-HIV.46C.46DE76">HIV.C.DE76</a></td><td>PrEP for HIV prevention</td><td>Client was prescribed pre-exposure prophylaxis (PrEP) for HIV prevention</td></tr><tr><td><a href="CodeSystem-HIVConcepts.html#HIVConcepts-HIV.46C.46DE77">HIV.C.DE77</a></td><td>PEP for HIV prevention</td><td>Client was prescribed post-exposure prophylaxis (PEP) for HIV prevention</td></tr><tr><td><a href="CodeSystem-HIVConcepts.html#HIVConcepts-HIV.46C.46DE78">HIV.C.DE78</a></td><td>Other</td><td>Client was prescribed other medications</td></tr></table></li></ul></div></text><url value="http://smart.who.int/hiv/ValueSet/HIV.C.DE75"/><version value="0.1.0"/><name value="HIVCDE75"/><title value="Medications prescribed ValueSet"/><status value="active"/><experimental value="true"/><date value="2024-06-29T18:14:02+00:00"/><publisher value="WHO"/><contact><name value="WHO"/><telecom><system value="url"/><value value="http://who.int"/></telecom></contact><description value="Value set of medications the client was prescribed"/><compose><include><system value="http://smart.who.int/hiv/CodeSystem/HIVConcepts"/><concept><code value="HIV.C.DE76"/><display value="PrEP for HIV prevention"/></concept><concept><code value="HIV.C.DE77"/><display value="PEP for HIV prevention"/></concept><concept><code value="HIV.C.DE78"/><display value="Other"/></concept></include></compose></ValueSet>