<?xml version="1.0" encoding="UTF-8"?><ValueSet xmlns="http://hl7.org/fhir"><id value="HIV.C.DE101"/><meta><profile value="http://hl7.org/fhir/uv/crmi/StructureDefinition/crmi-shareablevalueset"/><profile value="http://hl7.org/fhir/uv/crmi/StructureDefinition/crmi-publishablevalueset"/><profile value="http://hl7.org/fhir/uv/crmi/StructureDefinition/crmi-computablevalueset"/></meta><text><status value="extensions"/><div xmlns="http://www.w3.org/1999/xhtml"><p class="res-header-id"><b>Generated Narrative: ValueSet HIV.C.DE101</b></p><a name="HIV.C.DE101"> </a><a name="hcHIV.C.DE101"> </a><a name="hcHIV.C.DE101-en-US"> </a><ul><li>Include these codes as defined in <a href="CodeSystem-HIVConcepts.html"><code>http://smart.who.int/hiv/CodeSystem/HIVConcepts</code></a><table class="none"><tr><td style="white-space:nowrap"><b>Code</b></td><td><b>Display</b></td><td><b>Definition</b></td></tr><tr><td><a href="CodeSystem-HIVConcepts.html#HIVConcepts-HIV.46C.46DE102">HIV.C.DE102</a></td><td>ATV/r</td><td>Alternative third drug of atazanavir/ritonavir (ATV/r)</td></tr><tr><td><a href="CodeSystem-HIVConcepts.html#HIVConcepts-HIV.46C.46DE103">HIV.C.DE103</a></td><td>DRV/r</td><td>Alternative third drug of darunavir/ritonavir (DRV/r)</td></tr><tr><td><a href="CodeSystem-HIVConcepts.html#HIVConcepts-HIV.46C.46DE104">HIV.C.DE104</a></td><td>LPV/r</td><td>Alternative third drug of lopinavir/ritonavir (LPV/r)</td></tr><tr><td><a href="CodeSystem-HIVConcepts.html#HIVConcepts-HIV.46C.46DE105">HIV.C.DE105</a></td><td>RAL</td><td>Alternative third drug of raltegravir (RAL)</td></tr></table></li></ul></div></text><url value="http://smart.who.int/hiv/ValueSet/HIV.C.DE101"/><version value="0.1.0"/><name value="HIVCDE101"/><title value="Alternative third PEP drug ValueSet"/><status value="active"/><experimental value="true"/><date value="2024-06-29T17:44:13+00:00"/><publisher value="WHO"/><contact><name value="WHO"/><telecom><system value="url"/><value value="http://who.int"/></telecom></contact><description value="Value set of alternative third drug for PEP"/><compose><include><system value="http://smart.who.int/hiv/CodeSystem/HIVConcepts"/><concept><code value="HIV.C.DE102"/><display value="ATV/r"/></concept><concept><code value="HIV.C.DE103"/><display value="DRV/r"/></concept><concept><code value="HIV.C.DE104"/><display value="LPV/r"/></concept><concept><code value="HIV.C.DE105"/><display value="RAL"/></concept></include></compose></ValueSet>