<?xml version="1.0" encoding="UTF-8"?><ValueSet xmlns="http://hl7.org/fhir"><id value="HIV.D.DE697"/><meta><profile value="http://hl7.org/fhir/uv/crmi/StructureDefinition/crmi-shareablevalueset"/><profile value="http://hl7.org/fhir/uv/crmi/StructureDefinition/crmi-publishablevalueset"/><profile value="http://hl7.org/fhir/uv/crmi/StructureDefinition/crmi-computablevalueset"/></meta><text><status value="extensions"/><div xmlns="http://www.w3.org/1999/xhtml"><p class="res-header-id"><b>Generated Narrative: ValueSet HIV.D.DE697</b></p><a name="HIV.D.DE697"> </a><a name="hcHIV.D.DE697"> </a><a name="hcHIV.D.DE697-en-US"> </a><ul><li>Include these codes as defined in <a href="CodeSystem-HIVConcepts.html"><code>http://smart.who.int/hiv/CodeSystem/HIVConcepts</code></a><table class="none"><tr><td style="white-space:nowrap"><b>Code</b></td><td><b>Display</b></td><td><b>Definition</b></td></tr><tr><td><a href="CodeSystem-HIVConcepts.html#HIVConcepts-HIV.46D.46DE698">HIV.D.DE698</a></td><td>Normal</td><td>Result of cervical cancer histopathology was normal</td></tr><tr><td><a href="CodeSystem-HIVConcepts.html#HIVConcepts-HIV.46D.46DE699">HIV.D.DE699</a></td><td>LSIL (inclusive of LSIL-CIN1)</td><td>Result of cervical cancer histopathology was low-grade squamous intraepithelial lesion (LSIL)</td></tr><tr><td><a href="CodeSystem-HIVConcepts.html#HIVConcepts-HIV.46D.46DE700">HIV.D.DE700</a></td><td>HSIL (inclusive of HSIL-CIN2 or HSIL-CIN3)</td><td>Result of cervical cancer histopathology was high-grade squamous intraepithelial lesion (HSIL)</td></tr><tr><td><a href="CodeSystem-HIVConcepts.html#HIVConcepts-HIV.46D.46DE701">HIV.D.DE701</a></td><td>Invasive cervical cancer</td><td>Result of cervical cancer histopathology is invasive cervical cancer</td></tr></table></li></ul></div></text><url value="http://smart.who.int/hiv/ValueSet/HIV.D.DE697"/><version value="0.1.0"/><name value="HIVDDE697"/><title value="Cervical cancer histopathology result ValueSet"/><status value="active"/><experimental value="true"/><date value="2024-06-29T18:14:02+00:00"/><publisher value="WHO"/><contact><name value="WHO"/><telecom><system value="url"/><value value="http://who.int"/></telecom></contact><description value="Value set of result of cervical cancer histopathology"/><compose><include><system value="http://smart.who.int/hiv/CodeSystem/HIVConcepts"/><concept><code value="HIV.D.DE698"/><display value="Normal"/></concept><concept><code value="HIV.D.DE699"/><display value="LSIL (inclusive of LSIL-CIN1)"/></concept><concept><code value="HIV.D.DE700"/><display value="HSIL (inclusive of HSIL-CIN2 or HSIL-CIN3)"/></concept><concept><code value="HIV.D.DE701"/><display value="Invasive cervical cancer"/></concept></include></compose></ValueSet>