<?xml version="1.0" encoding="UTF-8"?><ValueSet xmlns="http://hl7.org/fhir"><id value="HIV.G.DE35"/><meta><profile value="http://hl7.org/fhir/uv/crmi/StructureDefinition/crmi-shareablevalueset"/><profile value="http://hl7.org/fhir/uv/crmi/StructureDefinition/crmi-publishablevalueset"/><profile value="http://hl7.org/fhir/uv/crmi/StructureDefinition/crmi-computablevalueset"/></meta><text><status value="extensions"/><div xmlns="http://www.w3.org/1999/xhtml"><p class="res-header-id"><b>Generated Narrative: ValueSet HIV.G.DE35</b></p><a name="HIV.G.DE35"> </a><a name="hcHIV.G.DE35"> </a><a name="hcHIV.G.DE35-en-US"> </a><ul><li>Include these codes as defined in <a href="CodeSystem-HIVConcepts.html"><code>http://smart.who.int/hiv/CodeSystem/HIVConcepts</code></a><table class="none"><tr><td style="white-space:nowrap"><b>Code</b></td><td><b>Display</b></td><td><b>Definition</b></td></tr><tr><td><a href="CodeSystem-HIVConcepts.html#HIVConcepts-HIV.46G.46DE36">HIV.G.DE36</a></td><td>Test delayed to next contact or referred</td><td>Test has been delayed to the next contact or client was referred to another provider/facility</td></tr><tr><td><a href="CodeSystem-HIVConcepts.html#HIVConcepts-HIV.46G.46DE37">HIV.G.DE37</a></td><td>Stock-out or expired</td><td>Test out of stock or stock present but expired</td></tr><tr><td><a href="CodeSystem-HIVConcepts.html#HIVConcepts-HIV.46G.46DE38">HIV.G.DE38</a></td><td>Machine or technician not available or machine not functioning</td><td>Test machine or technician is unavailable, or machine is not functioning</td></tr><tr><td><a href="CodeSystem-HIVConcepts.html#HIVConcepts-HIV.46G.46DE39">HIV.G.DE39</a></td><td>Client declined / refused test</td><td>Client declined or refused test being undertaken</td></tr><tr><td><a href="CodeSystem-HIVConcepts.html#HIVConcepts-HIV.46G.46DE40">HIV.G.DE40</a></td><td>Other</td><td>Other reason test not performed</td></tr></table></li></ul></div></text><url value="http://smart.who.int/hiv/ValueSet/HIV.G.DE35"/><version value="0.1.0"/><name value="HIVGDE35"/><title value="Reason Hepatitis C test not done ValueSet"/><status value="active"/><experimental value="true"/><date value="2024-06-29T18:14:02+00:00"/><publisher value="WHO"/><contact><name value="WHO"/><telecom><system value="url"/><value value="http://who.int"/></telecom></contact><description value="Value set of reason why a hepatitis C test was not done"/><compose><include><system value="http://smart.who.int/hiv/CodeSystem/HIVConcepts"/><concept><code value="HIV.G.DE36"/><display value="Test delayed to next contact or referred"/></concept><concept><code value="HIV.G.DE37"/><display value="Stock-out or expired"/></concept><concept><code value="HIV.G.DE38"/><display value="Machine or technician not available or machine not functioning"/></concept><concept><code value="HIV.G.DE39"/><display value="Client declined / refused test"/></concept><concept><code value="HIV.G.DE40"/><display value="Other"/></concept></include></compose></ValueSet>