{
  "resourceType" : "Library",
  "id" : "HIVIndicatorCommonLogic",
  "meta" : {
    "profile" : ["http://hl7.org/fhir/uv/crmi/StructureDefinition/crmi-shareablelibrary",
    "http://hl7.org/fhir/uv/crmi/StructureDefinition/crmi-publishablelibrary",
    "http://hl7.org/fhir/uv/cql/StructureDefinition/cql-library",
    "http://hl7.org/fhir/uv/cql/StructureDefinition/cql-module"]
  },
  "text" : {
    "status" : "generated",
    "div" : "<div xmlns=\"http://www.w3.org/1999/xhtml\"><p class=\"res-header-id\"><b>Generated Narrative: Library HIVIndicatorCommonLogic</b></p><a name=\"HIVIndicatorCommonLogic\"> </a><a name=\"hcHIVIndicatorCommonLogic\"> </a><a name=\"hcHIVIndicatorCommonLogic-en-US\"> </a></div>"
  },
  "extension" : [{
    "url" : "http://hl7.org/fhir/StructureDefinition/cqf-knowledgeCapability",
    "valueCode" : "computable"
  }],
  "url" : "http://smart.who.int/HIVIndicatorCommon/Library/HIVIndicatorCommonLogic",
  "version" : "0.1.0",
  "name" : "HIVIndicatorCommonLogic",
  "title" : "HIVIndicatorCommon Logic",
  "status" : "draft",
  "experimental" : true,
  "type" : {
    "coding" : [{
      "system" : "http://terminology.hl7.org/CodeSystem/library-type",
      "code" : "logic-library"
    }]
  },
  "date" : "2024-06-29T18:14:02+00:00",
  "publisher" : "WHO",
  "contact" : [{
    "name" : "WHO",
    "telecom" : [{
      "system" : "url",
      "value" : "http://who.int"
    }]
  }],
  "description" : "Description not yet available for HIVIndicatorCommonLogic."
}