<?xml version="1.0" encoding="UTF-8"?>

<ValueSet xmlns="http://hl7.org/fhir">
  <id value="HIV.B.DE74"/>
  <meta>
    <profile value="http://hl7.org/fhir/uv/crmi/StructureDefinition/crmi-shareablevalueset"/>
    <profile value="http://hl7.org/fhir/uv/crmi/StructureDefinition/crmi-publishablevalueset"/>
    <profile value="http://hl7.org/fhir/uv/crmi/StructureDefinition/crmi-computablevalueset"/>
  </meta>
  <text>
    <status value="extensions"/><div xmlns="http://www.w3.org/1999/xhtml"><p class="res-header-id"><b>Generated Narrative: ValueSet HIV.B.DE74</b></p><a name="HIV.B.DE74"> </a><a name="hcHIV.B.DE74"> </a><a name="hcHIV.B.DE74-en-US"> </a><ul><li>Include these codes as defined in <a href="CodeSystem-HIVConcepts.html"><code>http://smart.who.int/hiv/CodeSystem/HIVConcepts</code></a><table class="none"><tr><td style="white-space:nowrap"><b>Code</b></td><td><b>Display</b></td><td><b>Definition</b></td></tr><tr><td><a href="CodeSystem-HIVConcepts.html#HIVConcepts-HIV.46B.46DE75">HIV.B.DE75</a></td><td>Biological child</td><td>Contact identified for family services is the biological child of the client</td></tr><tr><td><a href="CodeSystem-HIVConcepts.html#HIVConcepts-HIV.46B.46DE76">HIV.B.DE76</a></td><td>Drug-injecting partner</td><td>Contact identified for partner services is a drug-injecting partner of the client</td></tr><tr><td><a href="CodeSystem-HIVConcepts.html#HIVConcepts-HIV.46B.46DE77">HIV.B.DE77</a></td><td>Sexual partner</td><td>Contact identified for partner services is a sexual partner of the client</td></tr><tr><td><a href="CodeSystem-HIVConcepts.html#HIVConcepts-HIV.46B.46DE78">HIV.B.DE78</a></td><td>Social contact</td><td>Contact identified for social-network services is a social contact of the client</td></tr></table></li></ul></div>
  </text>
  <url value="http://smart.who.int/hiv/ValueSet/HIV.B.DE74"/>
  <version value="0.1.0"/>
  <name value="HIVBDE74"/>
  <title value="Type of contact elicited ValueSet"/>
  <status value="active"/>
  <experimental value="true"/>
  <date value="2024-06-29T17:44:13+00:00"/>
  <publisher value="WHO"/>
  <contact>
    <name value="WHO"/>
    <telecom>
      <system value="url"/>
      <value value="http://who.int"/>
    </telecom>
  </contact>
  <description value="Value set of client's relationship to the contact identified for voluntary partner services or family services"/>
  <compose>
    <include>
      <system value="http://smart.who.int/hiv/CodeSystem/HIVConcepts"/>
      <concept>
        <code value="HIV.B.DE75"/>
        <display value="Biological child"/>
      </concept>
      <concept>
        <code value="HIV.B.DE76"/>
        <display value="Drug-injecting partner"/>
      </concept>
      <concept>
        <code value="HIV.B.DE77"/>
        <display value="Sexual partner"/>
      </concept>
      <concept>
        <code value="HIV.B.DE78"/>
        <display value="Social contact"/>
      </concept>
    </include>
  </compose>
</ValueSet>