{
  "resourceType" : "ValueSet",
  "id" : "HIV.E.DE145",
  "meta" : {
    "profile" : ["http://hl7.org/fhir/uv/crmi/StructureDefinition/crmi-shareablevalueset",
    "http://hl7.org/fhir/uv/crmi/StructureDefinition/crmi-publishablevalueset",
    "http://hl7.org/fhir/uv/crmi/StructureDefinition/crmi-computablevalueset"]
  },
  "text" : {
    "status" : "extensions",
    "div" : "<div xmlns=\"http://www.w3.org/1999/xhtml\"><p class=\"res-header-id\"><b>Generated Narrative: ValueSet HIV.E.DE145</b></p><a name=\"HIV.E.DE145\"> </a><a name=\"hcHIV.E.DE145\"> </a><a name=\"hcHIV.E.DE145-en-US\"> </a><ul><li>Include these codes as defined in <a href=\"CodeSystem-HIVConcepts.html\"><code>http://smart.who.int/hiv/CodeSystem/HIVConcepts</code></a><table class=\"none\"><tr><td style=\"white-space:nowrap\"><b>Code</b></td><td><b>Display</b></td><td><b>Definition</b></td></tr><tr><td><a href=\"CodeSystem-HIVConcepts.html#HIVConcepts-HIV.46E.46DE146\">HIV.E.DE146</a></td><td>HIV-positive</td><td>Infant's mother is HIV-positive</td></tr><tr><td><a href=\"CodeSystem-HIVConcepts.html#HIVConcepts-HIV.46E.46DE147\">HIV.E.DE147</a></td><td>HIV-negative</td><td>Infant's mother is HIV-negative</td></tr><tr><td><a href=\"CodeSystem-HIVConcepts.html#HIVConcepts-HIV.46E.46DE148\">HIV.E.DE148</a></td><td>Unknown</td><td>Don't know HIV status - client does not know partner's HIV status</td></tr></table></li></ul></div>"
  },
  "url" : "http://smart.who.int/hiv/ValueSet/HIV.E.DE145",
  "version" : "0.1.0",
  "name" : "HIVEDE145",
  "title" : "Maternal HIV status at first ANC visit ValueSet",
  "status" : "active",
  "experimental" : true,
  "date" : "2024-06-29T18:14:02+00:00",
  "publisher" : "WHO",
  "contact" : [{
    "name" : "WHO",
    "telecom" : [{
      "system" : "url",
      "value" : "http://who.int"
    }]
  }],
  "description" : "Value set of the HIV status of the infant's mother at first ANC visit",
  "compose" : {
    "include" : [{
      "system" : "http://smart.who.int/hiv/CodeSystem/HIVConcepts",
      "concept" : [{
        "code" : "HIV.E.DE146",
        "display" : "HIV-positive"
      },
      {
        "code" : "HIV.E.DE147",
        "display" : "HIV-negative"
      },
      {
        "code" : "HIV.E.DE148",
        "display" : "Unknown"
      }]
    }]
  }
}