{
  "resourceType" : "ValueSet",
  "id" : "HIV.C.DE125",
  "meta" : {
    "profile" : ["http://hl7.org/fhir/uv/crmi/StructureDefinition/crmi-shareablevalueset",
    "http://hl7.org/fhir/uv/crmi/StructureDefinition/crmi-publishablevalueset",
    "http://hl7.org/fhir/uv/crmi/StructureDefinition/crmi-computablevalueset"]
  },
  "text" : {
    "status" : "extensions",
    "div" : "<div xmlns=\"http://www.w3.org/1999/xhtml\"><p class=\"res-header-id\"><b>Generated Narrative: ValueSet HIV.C.DE125</b></p><a name=\"HIV.C.DE125\"> </a><a name=\"hcHIV.C.DE125\"> </a><a name=\"hcHIV.C.DE125-en-US\"> </a><ul><li>Include these codes as defined in <a href=\"CodeSystem-HIVConcepts.html\"><code>http://smart.who.int/hiv/CodeSystem/HIVConcepts</code></a><table class=\"none\"><tr><td style=\"white-space:nowrap\"><b>Code</b></td><td><b>Display</b></td><td><b>Definition</b></td></tr><tr><td><a href=\"CodeSystem-HIVConcepts.html#HIVConcepts-HIV.46C.46DE126\">HIV.C.DE126</a></td><td>Retesting for HIV</td><td>Retesting follow-up appointment</td></tr><tr><td><a href=\"CodeSystem-HIVConcepts.html#HIVConcepts-HIV.46C.46DE127\">HIV.C.DE127</a></td><td>Follow-up appointment for PrEP</td><td>Retesting follow-up appointment</td></tr><tr><td><a href=\"CodeSystem-HIVConcepts.html#HIVConcepts-HIV.46C.46DE128\">HIV.C.DE128</a></td><td>Other</td><td>Other reason for the follow-up appointment</td></tr></table></li></ul></div>"
  },
  "url" : "http://smart.who.int/hiv/ValueSet/HIV.C.DE125",
  "version" : "0.1.0",
  "name" : "HIVCDE125",
  "title" : "Type of follow-up appointment ValueSet",
  "status" : "active",
  "experimental" : true,
  "date" : "2024-06-29T17:44:13+00:00",
  "publisher" : "WHO",
  "contact" : [{
    "name" : "WHO",
    "telecom" : [{
      "system" : "url",
      "value" : "http://who.int"
    }]
  }],
  "description" : "Value set of type of follow-up appointment for testing services",
  "compose" : {
    "include" : [{
      "system" : "http://smart.who.int/hiv/CodeSystem/HIVConcepts",
      "concept" : [{
        "code" : "HIV.C.DE126",
        "display" : "Retesting for HIV"
      },
      {
        "code" : "HIV.C.DE127",
        "display" : "Follow-up appointment for PrEP"
      },
      {
        "code" : "HIV.C.DE128",
        "display" : "Other"
      }]
    }]
  }
}