{
  "resourceType" : "ValueSet",
  "id" : "HIV.C.DE95",
  "meta" : {
    "profile" : ["http://hl7.org/fhir/uv/crmi/StructureDefinition/crmi-shareablevalueset",
    "http://hl7.org/fhir/uv/crmi/StructureDefinition/crmi-publishablevalueset",
    "http://hl7.org/fhir/uv/crmi/StructureDefinition/crmi-computablevalueset"]
  },
  "text" : {
    "status" : "extensions",
    "div" : "<div xmlns=\"http://www.w3.org/1999/xhtml\"><p class=\"res-header-id\"><b>Generated Narrative: ValueSet HIV.C.DE95</b></p><a name=\"HIV.C.DE95\"> </a><a name=\"hcHIV.C.DE95\"> </a><a name=\"hcHIV.C.DE95-en-US\"> </a><ul><li>Include these codes as defined in <a href=\"CodeSystem-HIVConcepts.html\"><code>http://smart.who.int/hiv/CodeSystem/HIVConcepts</code></a><table class=\"none\"><tr><td style=\"white-space:nowrap\"><b>Code</b></td><td><b>Display</b></td><td><b>Definition</b></td></tr><tr><td><a href=\"CodeSystem-HIVConcepts.html#HIVConcepts-HIV.46C.46DE96\">HIV.C.DE96</a></td><td>ABC + 3TC</td><td>Alternative backbone containing abacavir and lamivudine</td></tr><tr><td><a href=\"CodeSystem-HIVConcepts.html#HIVConcepts-HIV.46C.46DE97\">HIV.C.DE97</a></td><td>TDF + 3TC</td><td>Alternative backbone containing tenofovir disoproxil fumarate and lamivudine</td></tr><tr><td><a href=\"CodeSystem-HIVConcepts.html#HIVConcepts-HIV.46C.46DE98\">HIV.C.DE98</a></td><td>TDF + FTC</td><td>Alternative backbone containing tenofovir disoproxil fumarate and emtricitabine</td></tr></table></li></ul></div>"
  },
  "url" : "http://smart.who.int/hiv/ValueSet/HIV.C.DE95",
  "version" : "0.1.0",
  "name" : "HIVCDE95",
  "title" : "Alternative PEP backbone regimen ValueSet",
  "status" : "active",
  "experimental" : true,
  "date" : "2024-06-29T17:44:13+00:00",
  "publisher" : "WHO",
  "contact" : [{
    "name" : "WHO",
    "telecom" : [{
      "system" : "url",
      "value" : "http://who.int"
    }]
  }],
  "description" : "Value set of alternative backbone regimen for PEP",
  "compose" : {
    "include" : [{
      "system" : "http://smart.who.int/hiv/CodeSystem/HIVConcepts",
      "concept" : [{
        "code" : "HIV.C.DE96",
        "display" : "ABC + 3TC"
      },
      {
        "code" : "HIV.C.DE97",
        "display" : "TDF + 3TC"
      },
      {
        "code" : "HIV.C.DE98",
        "display" : "TDF + FTC"
      }]
    }]
  }
}