{"resourceType":"Basic","id":"CommunityHealthWorker","meta":{"profile":["http://smart.who.int/smart-base/StructureDefinition/SGPersona"]},"text":{"status":"generated","div":"<div xmlns=\"http://www.w3.org/1999/xhtml\"><p class=\"res-header-id\"><b>Generated Narrative: ActorDefinition CommunityHealthWorker</b></p><a name=\"CommunityHealthWorker\"> </a><a name=\"hcCommunityHealthWorker\"> </a><a name=\"hcCommunityHealthWorker-en-US\"> </a><table class=\"grid\"><tr><td><b>Actor: CommunityHealthWorker </b></td><td>Community health worker</td><td>Type: person </td></tr><tr><td colspan=\"3\"/></tr></table></div>"},"extension":[{"url":"http://hl7.org/fhir/5.0/StructureDefinition/extension-ActorDefinition.url","valueUri":"http://smart.who.int/hiv/ActorDefinition/CommunityHealthWorker"},{"url":"http://hl7.org/fhir/5.0/StructureDefinition/extension-ActorDefinition.version","valueString":"0.1.0"},{"url":"http://hl7.org/fhir/5.0/StructureDefinition/extension-ActorDefinition.name","valueString":"CommunityHealthWorker"},{"url":"http://hl7.org/fhir/5.0/StructureDefinition/extension-ActorDefinition.title","valueString":"Community health worker"},{"url":"http://hl7.org/fhir/5.0/StructureDefinition/extension-ActorDefinition.status","valueCode":"draft"},{"url":"http://hl7.org/fhir/5.0/StructureDefinition/extension-ActorDefinition.experimental","valueBoolean":false},{"url":"http://hl7.org/fhir/5.0/StructureDefinition/extension-ActorDefinition.date","valueDateTime":"2024-06-29T18:14:02+00:00"},{"url":"http://hl7.org/fhir/5.0/StructureDefinition/extension-ActorDefinition.publisher","valueString":"WHO"},{"url":"http://hl7.org/fhir/5.0/StructureDefinition/extension-ActorDefinition.contact","valueContactDetail":{"name":"WHO","telecom":[{"system":"url","value":"http://who.int"}]}},{"url":"http://hl7.org/fhir/5.0/StructureDefinition/extension-ActorDefinition.description","valueMarkdown":"A person who provides health education, referral and follow-up, case management and basic preventive health care and home visiting services to specific communities. Examples of HIV services that they provide include HIV testing, distributing HIV self-test (HIVST) kits, counselling in the community, monitoring adherence to ART and pre-exposure prophylaxis (PrEP) and drug pick- up, and following up and tracing lost patients. The occupation normally requires formal or informal training and supervision required by the health and social services authorities."},{"url":"http://hl7.org/fhir/5.0/StructureDefinition/extension-ActorDefinition.jurisdiction"},{"url":"http://hl7.org/fhir/5.0/StructureDefinition/extension-ActorDefinition.type","valueCode":"person"}],"identifier":[{"value":"CommunityHealthWorker"}],"code":{"coding":[{"system":"http://hl7.org/fhir/fhir-types","code":"ActorDefinition"}]}}