{"resourceType":"Library","id":"AllContactDataElementsLogic","meta":{"profile":["http://hl7.org/fhir/uv/crmi/StructureDefinition/crmi-shareablelibrary","http://hl7.org/fhir/uv/crmi/StructureDefinition/crmi-publishablelibrary","http://hl7.org/fhir/uv/cql/StructureDefinition/cql-library","http://hl7.org/fhir/uv/cql/StructureDefinition/cql-module"]},"extension":[{"url":"http://hl7.org/fhir/StructureDefinition/cqf-knowledgeCapability","valueCode":"computable"}],"url":"http://smart.who.int/AllContactDataElements/Library/AllContactDataElementsLogic","version":"0.1.0","name":"AllContactDataElementsLogic","title":"AllContactDataElements Logic","status":"draft","experimental":true,"type":{"coding":[{"system":"http://terminology.hl7.org/CodeSystem/library-type","code":"logic-library"}]},"date":"2024-06-29T17:44:13+00:00","publisher":"WHO","contact":[{"name":"WHO","telecom":[{"system":"url","value":"http://who.int"}]}],"description":"Description not yet available for AllContactDataElementsLogic."}