{"resourceType":"ValueSet","id":"HIV.E.DE91","meta":{"profile":["http://hl7.org/fhir/uv/crmi/StructureDefinition/crmi-shareablevalueset","http://hl7.org/fhir/uv/crmi/StructureDefinition/crmi-publishablevalueset","http://hl7.org/fhir/uv/crmi/StructureDefinition/crmi-computablevalueset"]},"text":{"status":"extensions","div":"<div xmlns=\"http://www.w3.org/1999/xhtml\"><p class=\"res-header-id\"><b>Generated Narrative: ValueSet HIV.E.DE91</b></p><a name=\"HIV.E.DE91\"> </a><a name=\"hcHIV.E.DE91\"> </a><a name=\"hcHIV.E.DE91-en-US\"> </a><ul><li>Include these codes as defined in <a href=\"CodeSystem-HIVConcepts.html\"><code>http://smart.who.int/hiv/CodeSystem/HIVConcepts</code></a><table class=\"none\"><tr><td style=\"white-space:nowrap\"><b>Code</b></td><td><b>Display</b></td><td><b>Definition</b></td></tr><tr><td><a href=\"CodeSystem-HIVConcepts.html#HIVConcepts-HIV.46E.46DE92\">HIV.E.DE92</a></td><td>Female</td><td>Client identifies as female</td></tr><tr><td><a href=\"CodeSystem-HIVConcepts.html#HIVConcepts-HIV.46E.46DE93\">HIV.E.DE93</a></td><td>Male</td><td>Client identifies as male</td></tr><tr><td><a href=\"CodeSystem-HIVConcepts.html#HIVConcepts-HIV.46E.46DE94\">HIV.E.DE94</a></td><td>Other</td><td>Client identifies in a non-binary way</td></tr></table></li></ul></div>"},"url":"http://smart.who.int/hiv/ValueSet/HIV.E.DE91","version":"0.1.0","name":"HIVEDE91","title":"Gender of infant ValueSet","status":"active","experimental":true,"date":"2024-06-29T18:14:02+00:00","publisher":"WHO","contact":[{"name":"WHO","telecom":[{"system":"url","value":"http://who.int"}]}],"description":"Value set of gender of the infant","compose":{"include":[{"system":"http://smart.who.int/hiv/CodeSystem/HIVConcepts","concept":[{"code":"HIV.E.DE92","display":"Female"},{"code":"HIV.E.DE93","display":"Male"},{"code":"HIV.E.DE94","display":"Other"}]}]}}