{"resourceType":"ValueSet","id":"HIV.B.DE111","meta":{"profile":["http://hl7.org/fhir/uv/crmi/StructureDefinition/crmi-shareablevalueset","http://hl7.org/fhir/uv/crmi/StructureDefinition/crmi-publishablevalueset","http://hl7.org/fhir/uv/crmi/StructureDefinition/crmi-computablevalueset"]},"text":{"status":"extensions","div":"<div xmlns=\"http://www.w3.org/1999/xhtml\"><p class=\"res-header-id\"><b>Generated Narrative: ValueSet HIV.B.DE111</b></p><a name=\"HIV.B.DE111\"> </a><a name=\"hcHIV.B.DE111\"> </a><a name=\"hcHIV.B.DE111-en-US\"> </a><ul><li>Include these codes as defined in <a href=\"CodeSystem-HIVConcepts.html\"><code>http://smart.who.int/hiv/CodeSystem/HIVConcepts</code></a><table class=\"none\"><tr><td style=\"white-space:nowrap\"><b>Code</b></td><td><b>Display</b></td><td><b>Definition</b></td></tr><tr><td><a href=\"CodeSystem-HIVConcepts.html#HIVConcepts-HIV.46B.46DE112\">HIV.B.DE112</a></td><td>HIV-positive</td><td>Test result is HIV-positive</td></tr><tr><td><a href=\"CodeSystem-HIVConcepts.html#HIVConcepts-HIV.46B.46DE113\">HIV.B.DE113</a></td><td>HIV-negative</td><td>Test result is HIV-negative</td></tr><tr><td><a href=\"CodeSystem-HIVConcepts.html#HIVConcepts-HIV.46B.46DE114\">HIV.B.DE114</a></td><td>HIV-inconclusive</td><td>Test result is HIV-inconclusive</td></tr></table></li></ul></div>"},"url":"http://smart.who.int/hiv/ValueSet/HIV.B.DE111","version":"0.1.0","name":"HIVBDE111","title":"HIV test result ValueSet","status":"active","experimental":true,"date":"2024-06-29T17:44:13+00:00","publisher":"WHO","contact":[{"name":"WHO","telecom":[{"system":"url","value":"http://who.int"}]}],"description":"Value set of the result from HIV testing after applying the testing algorithm","compose":{"include":[{"system":"http://smart.who.int/hiv/CodeSystem/HIVConcepts","concept":[{"code":"HIV.B.DE112","display":"HIV-positive"},{"code":"HIV.B.DE113","display":"HIV-negative"},{"code":"HIV.B.DE114","display":"HIV-inconclusive"}]}]}}