{"resourceType":"ValueSet","id":"HIV.Config.DE19","meta":{"profile":["http://hl7.org/fhir/uv/crmi/StructureDefinition/crmi-shareablevalueset","http://hl7.org/fhir/uv/crmi/StructureDefinition/crmi-publishablevalueset","http://hl7.org/fhir/uv/crmi/StructureDefinition/crmi-computablevalueset"]},"text":{"status":"generated","div":"<div xmlns=\"http://www.w3.org/1999/xhtml\"><p class=\"res-header-id\"><b>Generated Narrative: ValueSet HIV.Config.DE19</b></p><a name=\"HIV.Config.DE19\"> </a><a name=\"hcHIV.Config.DE19\"> </a><a name=\"hcHIV.Config.DE19-en-US\"> </a><p>This value set includes codes based on the following rules:</p><ul/></div>"},"url":"http://smart.who.int/hiv/ValueSet/HIV.Config.DE19","version":"0.1.0","name":"HIVConfigDE19","title":"Other priority populations ValueSet","status":"active","experimental":true,"date":"2024-06-29T17:44:13+00:00","publisher":"WHO","contact":[{"name":"WHO","telecom":[{"system":"url","value":"http://who.int"}]}],"description":"Value set of other populations of priority of HIV prevention and care in local context (provided during adaptation)"}