{"resourceType":"ValueSet","id":"HIV.E.DE225","meta":{"profile":["http://hl7.org/fhir/uv/crmi/StructureDefinition/crmi-shareablevalueset","http://hl7.org/fhir/uv/crmi/StructureDefinition/crmi-publishablevalueset","http://hl7.org/fhir/uv/crmi/StructureDefinition/crmi-computablevalueset"]},"text":{"status":"extensions","div":"<div xmlns=\"http://www.w3.org/1999/xhtml\"><p class=\"res-header-id\"><b>Generated Narrative: ValueSet HIV.E.DE225</b></p><a name=\"HIV.E.DE225\"> </a><a name=\"hcHIV.E.DE225\"> </a><a name=\"hcHIV.E.DE225-en-US\"> </a><ul><li>Include these codes as defined in <a href=\"CodeSystem-HIVConcepts.html\"><code>http://smart.who.int/hiv/CodeSystem/HIVConcepts</code></a><table class=\"none\"><tr><td style=\"white-space:nowrap\"><b>Code</b></td><td><b>Display</b></td><td><b>Definition</b></td></tr><tr><td><a href=\"CodeSystem-HIVConcepts.html#HIVConcepts-HIV.46E.46DE226\">HIV.E.DE226</a></td><td>HIV-positive</td><td>Infant is HIV-positive</td></tr><tr><td><a href=\"CodeSystem-HIVConcepts.html#HIVConcepts-HIV.46E.46DE227\">HIV.E.DE227</a></td><td>HIV-negative</td><td>Infant is HIV-negative</td></tr><tr><td><a href=\"CodeSystem-HIVConcepts.html#HIVConcepts-HIV.46E.46DE228\">HIV.E.DE228</a></td><td>Unknown</td><td>Infant has unknown HIV status</td></tr></table></li></ul></div>"},"url":"http://smart.who.int/hiv/ValueSet/HIV.E.DE225","version":"0.1.0","name":"HIVEDE225","title":"Infant HIV status ValueSet","status":"active","experimental":true,"date":"2024-06-29T18:14:02+00:00","publisher":"WHO","contact":[{"name":"WHO","telecom":[{"system":"url","value":"http://who.int"}]}],"description":"Value set of HIV status reported after applying the HIV testing algorithm. No single HIV test can provide an HIV-positive diagnosis.","compose":{"include":[{"system":"http://smart.who.int/hiv/CodeSystem/HIVConcepts","concept":[{"code":"HIV.E.DE226","display":"HIV-positive"},{"code":"HIV.E.DE227","display":"HIV-negative"},{"code":"HIV.E.DE228","display":"Unknown"}]}]}}