{"resourceType":"ValueSet","id":"HIV.D.DE483","meta":{"profile":["http://hl7.org/fhir/uv/crmi/StructureDefinition/crmi-shareablevalueset","http://hl7.org/fhir/uv/crmi/StructureDefinition/crmi-publishablevalueset","http://hl7.org/fhir/uv/crmi/StructureDefinition/crmi-computablevalueset"]},"text":{"status":"generated","div":"<div xmlns=\"http://www.w3.org/1999/xhtml\"><p class=\"res-header-id\"><b>Generated Narrative: ValueSet HIV.D.DE483</b></p><a name=\"HIV.D.DE483\"> </a><a name=\"hcHIV.D.DE483\"> </a><a name=\"hcHIV.D.DE483-en-US\"> </a><p>This value set includes codes based on the following rules:</p><ul/></div>"},"url":"http://smart.who.int/hiv/ValueSet/HIV.D.DE483","version":"0.1.0","name":"HIVDDE483","title":"New antiretroviral regimen after substitution within first-line regimen ValueSet","status":"active","experimental":true,"date":"2024-06-29T17:44:13+00:00","publisher":"WHO","contact":[{"name":"WHO","telecom":[{"system":"url","value":"http://who.int"}]}],"description":"Value set of new antiretroviral (ARV) drugs after client changed regimen within the first-line regimen"}