{"resourceType":"ValueSet","id":"HIV.B.DE22","meta":{"profile":["http://hl7.org/fhir/uv/crmi/StructureDefinition/crmi-shareablevalueset","http://hl7.org/fhir/uv/crmi/StructureDefinition/crmi-publishablevalueset","http://hl7.org/fhir/uv/crmi/StructureDefinition/crmi-computablevalueset"]},"text":{"status":"extensions","div":"<div xmlns=\"http://www.w3.org/1999/xhtml\"><p class=\"res-header-id\"><b>Generated Narrative: ValueSet HIV.B.DE22</b></p><a name=\"HIV.B.DE22\"> </a><a name=\"hcHIV.B.DE22\"> </a><a name=\"hcHIV.B.DE22-en-US\"> </a><ul><li>Include these codes as defined in <a href=\"CodeSystem-HIVConcepts.html\"><code>http://smart.who.int/hiv/CodeSystem/HIVConcepts</code></a><table class=\"none\"><tr><td style=\"white-space:nowrap\"><b>Code</b></td><td><b>Display</b></td><td><b>Definition</b></td></tr><tr><td><a href=\"CodeSystem-HIVConcepts.html#HIVConcepts-HIV.46B.46DE23\">HIV.B.DE23</a></td><td>Provider-initiated tested in a clinic or emergency facility</td><td>The client tested though provider-initiated HIV testing &amp; counselling, which could be at an emergency facility</td></tr><tr><td><a href=\"CodeSystem-HIVConcepts.html#HIVConcepts-HIV.46B.46DE24\">HIV.B.DE24</a></td><td>Antenatal care clinic</td><td>The client tested at an antenatal care clinic, including labour and delivery</td></tr><tr><td><a href=\"CodeSystem-HIVConcepts.html#HIVConcepts-HIV.46B.46DE25\">HIV.B.DE25</a></td><td>Voluntary counselling and testing (within a health facility setting)</td><td>The client tested through voluntary counselling and testing (within a health facility setting)</td></tr><tr><td><a href=\"CodeSystem-HIVConcepts.html#HIVConcepts-HIV.46B.46DE26\">HIV.B.DE26</a></td><td>Family planning clinic</td><td>The client tested at a family planning clinic</td></tr><tr><td><a href=\"CodeSystem-HIVConcepts.html#HIVConcepts-HIV.46B.46DE27\">HIV.B.DE27</a></td><td>Other facility-level testing</td><td>The client tested at another type of facility</td></tr><tr><td><a href=\"CodeSystem-HIVConcepts.html#HIVConcepts-HIV.46B.46DE28\">HIV.B.DE28</a></td><td>Tuberculosis (TB) clinic</td><td>The client tested at a TB clinic</td></tr></table></li></ul></div>"},"url":"http://smart.who.int/hiv/ValueSet/HIV.B.DE22","version":"0.1.0","name":"HIVBDE22","title":"Entry point for facility-level testing ValueSet","status":"active","experimental":true,"date":"2024-06-29T17:44:13+00:00","publisher":"WHO","contact":[{"name":"WHO","telecom":[{"system":"url","value":"http://who.int"}]}],"description":"Value set of specific point where testing is happening at a facility","compose":{"include":[{"system":"http://smart.who.int/hiv/CodeSystem/HIVConcepts","concept":[{"code":"HIV.B.DE23","display":"Provider-initiated tested in a clinic or emergency facility"},{"code":"HIV.B.DE24","display":"Antenatal care clinic"},{"code":"HIV.B.DE25","display":"Voluntary counselling and testing (within a health facility setting)"},{"code":"HIV.B.DE26","display":"Family planning clinic"},{"code":"HIV.B.DE27","display":"Other facility-level testing"},{"code":"HIV.B.DE28","display":"Tuberculosis (TB) clinic"}]}]}}