{"resourceType":"ValueSet","id":"HIV.E.DE255","meta":{"profile":["http://hl7.org/fhir/uv/crmi/StructureDefinition/crmi-shareablevalueset","http://hl7.org/fhir/uv/crmi/StructureDefinition/crmi-publishablevalueset","http://hl7.org/fhir/uv/crmi/StructureDefinition/crmi-computablevalueset"]},"text":{"status":"extensions","div":"<div xmlns=\"http://www.w3.org/1999/xhtml\"><p class=\"res-header-id\"><b>Generated Narrative: ValueSet HIV.E.DE255</b></p><a name=\"HIV.E.DE255\"> </a><a name=\"hcHIV.E.DE255\"> </a><a name=\"hcHIV.E.DE255-en-US\"> </a><ul><li>Include these codes as defined in <a href=\"CodeSystem-HIVConcepts.html\"><code>http://smart.who.int/hiv/CodeSystem/HIVConcepts</code></a><table class=\"none\"><tr><td style=\"white-space:nowrap\"><b>Code</b></td><td><b>Display</b></td><td><b>Definition</b></td></tr><tr><td><a href=\"CodeSystem-HIVConcepts.html#HIVConcepts-HIV.46E.46DE256\">HIV.E.DE256</a></td><td>Positive</td><td>Result of test for asymptomatic bacteriuria is positive</td></tr><tr><td><a href=\"CodeSystem-HIVConcepts.html#HIVConcepts-HIV.46E.46DE257\">HIV.E.DE257</a></td><td>Negative</td><td>Result of test for asymptomatic bacteriuria is negative</td></tr><tr><td><a href=\"CodeSystem-HIVConcepts.html#HIVConcepts-HIV.46E.46DE258\">HIV.E.DE258</a></td><td>Unknown</td><td>Result of test for asymptomatic bacteriuria is unknown</td></tr></table></li></ul></div>"},"url":"http://smart.who.int/hiv/ValueSet/HIV.E.DE255","version":"0.1.0","name":"HIVEDE255","title":"Asymptomatic bacteriuria (ASB) test result ValueSet","status":"active","experimental":true,"date":"2024-06-29T17:44:13+00:00","publisher":"WHO","contact":[{"name":"WHO","telecom":[{"system":"url","value":"http://who.int"}]}],"description":"Value set of result of urine culture (or urine Gram-staining if not available over dipstick tests) for diagnosing asymptomatic bacteriuria","compose":{"include":[{"system":"http://smart.who.int/hiv/CodeSystem/HIVConcepts","concept":[{"code":"HIV.E.DE256","display":"Positive"},{"code":"HIV.E.DE257","display":"Negative"},{"code":"HIV.E.DE258","display":"Unknown"}]}]}}