{"resourceType":"ValueSet","id":"HIV.D.DE486","meta":{"profile":["http://hl7.org/fhir/uv/crmi/StructureDefinition/crmi-shareablevalueset","http://hl7.org/fhir/uv/crmi/StructureDefinition/crmi-publishablevalueset","http://hl7.org/fhir/uv/crmi/StructureDefinition/crmi-computablevalueset"]},"text":{"status":"generated","div":"<div xmlns=\"http://www.w3.org/1999/xhtml\"><p class=\"res-header-id\"><b>Generated Narrative: ValueSet HIV.D.DE486</b></p><a name=\"HIV.D.DE486\"> </a><a name=\"hcHIV.D.DE486\"> </a><a name=\"hcHIV.D.DE486-en-US\"> </a><p>This value set includes codes based on the following rules:</p><ul/></div>"},"url":"http://smart.who.int/hiv/ValueSet/HIV.D.DE486","version":"0.1.0","name":"HIVDDE486","title":"Reason for switch to second-line regimen ValueSet","status":"active","experimental":true,"date":"2024-06-29T18:14:02+00:00","publisher":"WHO","contact":[{"name":"WHO","telecom":[{"system":"url","value":"http://who.int"}]}],"description":"Value set of reason why client was switched from first- to second-line ARV drug regimen (see 'Reason for regimen switch' for levels)"}