{"resourceType":"ValueSet","id":"HIV.H.DE13","meta":{"profile":["http://hl7.org/fhir/uv/crmi/StructureDefinition/crmi-shareablevalueset","http://hl7.org/fhir/uv/crmi/StructureDefinition/crmi-publishablevalueset","http://hl7.org/fhir/uv/crmi/StructureDefinition/crmi-computablevalueset"]},"text":{"status":"extensions","div":"<div xmlns=\"http://www.w3.org/1999/xhtml\"><p class=\"res-header-id\"><b>Generated Narrative: ValueSet HIV.H.DE13</b></p><a name=\"HIV.H.DE13\"> </a><a name=\"hcHIV.H.DE13\"> </a><a name=\"hcHIV.H.DE13-en-US\"> </a><ul><li>Include these codes as defined in <a href=\"CodeSystem-HIVConcepts.html\"><code>http://smart.who.int/hiv/CodeSystem/HIVConcepts</code></a><table class=\"none\"><tr><td style=\"white-space:nowrap\"><b>Code</b></td><td><b>Display</b></td><td><b>Definition</b></td></tr><tr><td><a href=\"CodeSystem-HIVConcepts.html#HIVConcepts-HIV.46H.46DE14\">HIV.H.DE14</a></td><td>Home visit</td><td>Contacted client at home</td></tr><tr><td><a href=\"CodeSystem-HIVConcepts.html#HIVConcepts-HIV.46H.46DE15\">HIV.H.DE15</a></td><td>Text message</td><td>Contacted client by short message service (SMS) text</td></tr><tr><td><a href=\"CodeSystem-HIVConcepts.html#HIVConcepts-HIV.46H.46DE16\">HIV.H.DE16</a></td><td>Phone</td><td>Contacted client by phone call</td></tr></table></li></ul></div>"},"url":"http://smart.who.int/hiv/ValueSet/HIV.H.DE13","version":"0.1.0","name":"HIVHDE13","title":"Contact method ValueSet","status":"active","experimental":true,"date":"2024-06-29T17:44:13+00:00","publisher":"WHO","contact":[{"name":"WHO","telecom":[{"system":"url","value":"http://who.int"}]}],"description":"Value set of method used to try to reach out to the client","compose":{"include":[{"system":"http://smart.who.int/hiv/CodeSystem/HIVConcepts","concept":[{"code":"HIV.H.DE14","display":"Home visit"},{"code":"HIV.H.DE15","display":"Text message"},{"code":"HIV.H.DE16","display":"Phone"}]}]}}