{"resourceType":"ValueSet","id":"HIV.D.DE673","meta":{"profile":["http://hl7.org/fhir/uv/crmi/StructureDefinition/crmi-shareablevalueset","http://hl7.org/fhir/uv/crmi/StructureDefinition/crmi-publishablevalueset","http://hl7.org/fhir/uv/crmi/StructureDefinition/crmi-computablevalueset"]},"text":{"status":"extensions","div":"<div xmlns=\"http://www.w3.org/1999/xhtml\"><p class=\"res-header-id\"><b>Generated Narrative: ValueSet HIV.D.DE673</b></p><a name=\"HIV.D.DE673\"> </a><a name=\"hcHIV.D.DE673\"> </a><a name=\"hcHIV.D.DE673-en-US\"> </a><ul><li>Include these codes as defined in <a href=\"CodeSystem-HIVConcepts.html\"><code>http://smart.who.int/hiv/CodeSystem/HIVConcepts</code></a><table class=\"none\"><tr><td style=\"white-space:nowrap\"><b>Code</b></td><td><b>Display</b></td><td><b>Definition</b></td></tr><tr><td><a href=\"CodeSystem-HIVConcepts.html#HIVConcepts-HIV.46D.46DE674\">HIV.D.DE674</a></td><td>NILM</td><td>Negative for Intraepithelial Lesion Malignancy (NILM)</td></tr><tr><td><a href=\"CodeSystem-HIVConcepts.html#HIVConcepts-HIV.46D.46DE675\">HIV.D.DE675</a></td><td>ASCUS</td><td>Atypical squamous cells of undetermined significance (ASCUS)</td></tr><tr><td><a href=\"CodeSystem-HIVConcepts.html#HIVConcepts-HIV.46D.46DE676\">HIV.D.DE676</a></td><td>LSIL</td><td>Low grade squamous intraepithelial lesion (LSIL)</td></tr><tr><td><a href=\"CodeSystem-HIVConcepts.html#HIVConcepts-HIV.46D.46DE677\">HIV.D.DE677</a></td><td>HSIL</td><td>High grade squamous intraepithelial lesion (HSIL)</td></tr><tr><td><a href=\"CodeSystem-HIVConcepts.html#HIVConcepts-HIV.46D.46DE678\">HIV.D.DE678</a></td><td>Cancer</td><td>Result was positive for cancer</td></tr><tr><td><a href=\"CodeSystem-HIVConcepts.html#HIVConcepts-HIV.46D.46DE679\">HIV.D.DE679</a></td><td>Invalid/inadequate</td><td>Screening result was invalid or inadequate</td></tr></table></li></ul></div>"},"url":"http://smart.who.int/hiv/ValueSet/HIV.D.DE673","version":"0.1.0","name":"HIVDDE673","title":"Cervical cytology screening test result ValueSet","status":"active","experimental":true,"date":"2024-06-29T17:44:13+00:00","publisher":"WHO","contact":[{"name":"WHO","telecom":[{"system":"url","value":"http://who.int"}]}],"description":"Value set of screening result for cervical cytology","compose":{"include":[{"system":"http://smart.who.int/hiv/CodeSystem/HIVConcepts","concept":[{"code":"HIV.D.DE674","display":"NILM"},{"code":"HIV.D.DE675","display":"ASCUS"},{"code":"HIV.D.DE676","display":"LSIL"},{"code":"HIV.D.DE677","display":"HSIL"},{"code":"HIV.D.DE678","display":"Cancer"},{"code":"HIV.D.DE679","display":"Invalid/inadequate"}]}]}}