{"resourceType":"ValueSet","id":"HIV.D.DE63","meta":{"profile":["http://hl7.org/fhir/uv/crmi/StructureDefinition/crmi-shareablevalueset","http://hl7.org/fhir/uv/crmi/StructureDefinition/crmi-publishablevalueset","http://hl7.org/fhir/uv/crmi/StructureDefinition/crmi-computablevalueset"]},"text":{"status":"generated","div":"<div xmlns=\"http://www.w3.org/1999/xhtml\"><p class=\"res-header-id\"><b>Generated Narrative: ValueSet HIV.D.DE63</b></p><a name=\"HIV.D.DE63\"> </a><a name=\"hcHIV.D.DE63\"> </a><a name=\"hcHIV.D.DE63-en-US\"> </a><p>This value set includes codes based on the following rules:</p><ul/></div>"},"url":"http://smart.who.int/hiv/ValueSet/HIV.D.DE63","version":"0.1.0","name":"HIVDDE63","title":"Location ARV drugs received prior to enrolment ValueSet","status":"active","experimental":true,"date":"2024-06-29T17:44:13+00:00","publisher":"WHO","contact":[{"name":"WHO","telecom":[{"system":"url","value":"http://who.int"}]}],"description":"Value set of health facility (or other location) where ARV drugs were received prior to enrolment into HIV care/ART"}