{"resourceType":"ValueSet","id":"HIV.B.DE261","meta":{"profile":["http://hl7.org/fhir/uv/crmi/StructureDefinition/crmi-shareablevalueset","http://hl7.org/fhir/uv/crmi/StructureDefinition/crmi-publishablevalueset","http://hl7.org/fhir/uv/crmi/StructureDefinition/crmi-computablevalueset"]},"text":{"status":"extensions","div":"<div xmlns=\"http://www.w3.org/1999/xhtml\"><p class=\"res-header-id\"><b>Generated Narrative: ValueSet HIV.B.DE261</b></p><a name=\"HIV.B.DE261\"> </a><a name=\"hcHIV.B.DE261\"> </a><a name=\"hcHIV.B.DE261-en-US\"> </a><ul><li>Include these codes as defined in <a href=\"CodeSystem-HIVConcepts.html\"><code>http://smart.who.int/hiv/CodeSystem/HIVConcepts</code></a><table class=\"none\"><tr><td style=\"white-space:nowrap\"><b>Code</b></td><td><b>Display</b></td><td><b>Definition</b></td></tr><tr><td><a href=\"CodeSystem-HIVConcepts.html#HIVConcepts-HIV.46B.46DE262\">HIV.B.DE262</a></td><td>Blood</td><td>Blood specimen to be collected</td></tr><tr><td><a href=\"CodeSystem-HIVConcepts.html#HIVConcepts-HIV.46B.46DE263\">HIV.B.DE263</a></td><td>Urine</td><td>Urine specimen to be collected</td></tr><tr><td><a href=\"CodeSystem-HIVConcepts.html#HIVConcepts-HIV.46B.46DE264\">HIV.B.DE264</a></td><td>Cervical or vaginal swab</td><td>Cervical or vaginal swab to be collected</td></tr><tr><td><a href=\"CodeSystem-HIVConcepts.html#HIVConcepts-HIV.46B.46DE265\">HIV.B.DE265</a></td><td>Urethral or penile swab</td><td>Urethral or penile swab to be collected</td></tr><tr><td><a href=\"CodeSystem-HIVConcepts.html#HIVConcepts-HIV.46B.46DE266\">HIV.B.DE266</a></td><td>Rectal swab</td><td>Rectal swab to be collected</td></tr><tr><td><a href=\"CodeSystem-HIVConcepts.html#HIVConcepts-HIV.46B.46DE267\">HIV.B.DE267</a></td><td>Other</td><td>Other specimen type to be collected</td></tr></table></li></ul></div>"},"url":"http://smart.who.int/hiv/ValueSet/HIV.B.DE261","version":"0.1.0","name":"HIVBDE261","title":"Type of specimen ValueSet","status":"active","experimental":true,"date":"2024-06-29T17:44:13+00:00","publisher":"WHO","contact":[{"name":"WHO","telecom":[{"system":"url","value":"http://who.int"}]}],"description":"Value set of type of specimen to be collected","compose":{"include":[{"system":"http://smart.who.int/hiv/CodeSystem/HIVConcepts","concept":[{"code":"HIV.B.DE262","display":"Blood"},{"code":"HIV.B.DE263","display":"Urine"},{"code":"HIV.B.DE264","display":"Cervical or vaginal swab"},{"code":"HIV.B.DE265","display":"Urethral or penile swab"},{"code":"HIV.B.DE266","display":"Rectal swab"},{"code":"HIV.B.DE267","display":"Other"}]}]}}