{"resourceType":"ValueSet","id":"HIV.D.DE383","meta":{"profile":["http://hl7.org/fhir/uv/crmi/StructureDefinition/crmi-shareablevalueset","http://hl7.org/fhir/uv/crmi/StructureDefinition/crmi-publishablevalueset","http://hl7.org/fhir/uv/crmi/StructureDefinition/crmi-computablevalueset"]},"text":{"status":"extensions","div":"<div xmlns=\"http://www.w3.org/1999/xhtml\"><p class=\"res-header-id\"><b>Generated Narrative: ValueSet HIV.D.DE383</b></p><a name=\"HIV.D.DE383\"> </a><a name=\"hcHIV.D.DE383\"> </a><a name=\"hcHIV.D.DE383-en-US\"> </a><ul><li>Include these codes as defined in <a href=\"CodeSystem-HIVConcepts.html\"><code>http://smart.who.int/hiv/CodeSystem/HIVConcepts</code></a><table class=\"none\"><tr><td style=\"white-space:nowrap\"><b>Code</b></td><td><b>Display</b></td><td><b>Definition</b></td></tr><tr><td><a href=\"CodeSystem-HIVConcepts.html#HIVConcepts-HIV.46D.46DE384\">HIV.D.DE384</a></td><td>Within 7 days of HIV diagnosis</td><td>Client started ART within 7 days</td></tr><tr><td><a href=\"CodeSystem-HIVConcepts.html#HIVConcepts-HIV.46D.46DE385\">HIV.D.DE385</a></td><td>Within 30 days of HIV diagnosis</td><td>Client started ART within 30 days of ART initiation (but over 7 days)</td></tr><tr><td><a href=\"CodeSystem-HIVConcepts.html#HIVConcepts-HIV.46D.46DE386\">HIV.D.DE386</a></td><td>Within 90 days of HIV diagnosis</td><td>Client started ART within 90 days of ART initiation (but over 30 days)</td></tr></table></li></ul></div>"},"url":"http://smart.who.int/hiv/ValueSet/HIV.D.DE383","version":"0.1.0","name":"HIVDDE383","title":"Time to start ART ValueSet","status":"active","experimental":true,"date":"2024-06-29T18:14:02+00:00","publisher":"WHO","contact":[{"name":"WHO","telecom":[{"system":"url","value":"http://who.int"}]}],"description":"Value set of time from HIV diagnosis to when client started ART","compose":{"include":[{"system":"http://smart.who.int/hiv/CodeSystem/HIVConcepts","concept":[{"code":"HIV.D.DE384","display":"Within 7 days of HIV diagnosis"},{"code":"HIV.D.DE385","display":"Within 30 days of HIV diagnosis"},{"code":"HIV.D.DE386","display":"Within 90 days of HIV diagnosis"}]}]}}