{"resourceType":"ValueSet","id":"HIV.E.DE183","meta":{"profile":["http://hl7.org/fhir/uv/crmi/StructureDefinition/crmi-shareablevalueset","http://hl7.org/fhir/uv/crmi/StructureDefinition/crmi-publishablevalueset","http://hl7.org/fhir/uv/crmi/StructureDefinition/crmi-computablevalueset"]},"text":{"status":"generated","div":"<div xmlns=\"http://www.w3.org/1999/xhtml\"><p class=\"res-header-id\"><b>Generated Narrative: ValueSet HIV.E.DE183</b></p><a name=\"HIV.E.DE183\"> </a><a name=\"hcHIV.E.DE183\"> </a><a name=\"hcHIV.E.DE183-en-US\"> </a><p>This value set includes codes based on the following rules:</p><ul/></div>"},"url":"http://smart.who.int/hiv/ValueSet/HIV.E.DE183","version":"0.1.0","name":"HIVEDE183","title":"EID test number ValueSet","status":"active","experimental":true,"date":"2024-06-29T17:44:13+00:00","publisher":"WHO","contact":[{"name":"WHO","telecom":[{"system":"url","value":"http://who.int"}]}],"description":"Value set of early infant diagnosis (EID) HIV test number using the same sample"}