{"resourceType":"ValueSet","id":"HIV.E.DE168","meta":{"profile":["http://hl7.org/fhir/uv/crmi/StructureDefinition/crmi-shareablevalueset","http://hl7.org/fhir/uv/crmi/StructureDefinition/crmi-publishablevalueset","http://hl7.org/fhir/uv/crmi/StructureDefinition/crmi-computablevalueset"]},"text":{"status":"extensions","div":"<div xmlns=\"http://www.w3.org/1999/xhtml\"><p class=\"res-header-id\"><b>Generated Narrative: ValueSet HIV.E.DE168</b></p><a name=\"HIV.E.DE168\"> </a><a name=\"hcHIV.E.DE168\"> </a><a name=\"hcHIV.E.DE168-en-US\"> </a><ul><li>Include these codes as defined in <a href=\"CodeSystem-HIVConcepts.html\"><code>http://smart.who.int/hiv/CodeSystem/HIVConcepts</code></a><table class=\"none\"><tr><td style=\"white-space:nowrap\"><b>Code</b></td><td><b>Display</b></td><td><b>Definition</b></td></tr><tr><td><a href=\"CodeSystem-HIVConcepts.html#HIVConcepts-HIV.46E.46DE169\">HIV.E.DE169</a></td><td>Rapid diagnostic test for HIV</td><td>Antibody test for HIV performed with a rapid diagnostic (RDT)</td></tr><tr><td><a href=\"CodeSystem-HIVConcepts.html#HIVConcepts-HIV.46E.46DE170\">HIV.E.DE170</a></td><td>Enzyme immunoassay for HIV</td><td>Antibody test for HIV performed with an enzyme immunoassay (EIA)</td></tr><tr><td><a href=\"CodeSystem-HIVConcepts.html#HIVConcepts-HIV.46E.46DE171\">HIV.E.DE171</a></td><td>Nucleic acid test for HIV</td><td>Virological test, which includes testing for early infant diagnosis</td></tr><tr><td><a href=\"CodeSystem-HIVConcepts.html#HIVConcepts-HIV.46E.46DE172\">HIV.E.DE172</a></td><td>Dual HIV/syphilis rapid diagnostic test</td><td>Antibody test for HIV and syphilis performed with a rapid diagnostic</td></tr></table></li></ul></div>"},"url":"http://smart.who.int/hiv/ValueSet/HIV.E.DE168","version":"0.1.0","name":"HIVEDE168","title":"HIV test type ValueSet","status":"active","experimental":true,"date":"2024-06-29T17:44:13+00:00","publisher":"WHO","contact":[{"name":"WHO","telecom":[{"system":"url","value":"http://who.int"}]}],"description":"Value set of type of HIV test","compose":{"include":[{"system":"http://smart.who.int/hiv/CodeSystem/HIVConcepts","concept":[{"code":"HIV.E.DE169","display":"Rapid diagnostic test for HIV"},{"code":"HIV.E.DE170","display":"Enzyme immunoassay for HIV"},{"code":"HIV.E.DE171","display":"Nucleic acid test for HIV"},{"code":"HIV.E.DE172","display":"Dual HIV/syphilis rapid diagnostic test"}]}]}}