{"resourceType":"ValueSet","id":"HIV.D.DE712","meta":{"profile":["http://hl7.org/fhir/uv/crmi/StructureDefinition/crmi-shareablevalueset","http://hl7.org/fhir/uv/crmi/StructureDefinition/crmi-publishablevalueset","http://hl7.org/fhir/uv/crmi/StructureDefinition/crmi-computablevalueset"]},"text":{"status":"extensions","div":"<div xmlns=\"http://www.w3.org/1999/xhtml\"><p class=\"res-header-id\"><b>Generated Narrative: ValueSet HIV.D.DE712</b></p><a name=\"HIV.D.DE712\"> </a><a name=\"hcHIV.D.DE712\"> </a><a name=\"hcHIV.D.DE712-en-US\"> </a><ul><li>Include these codes as defined in <a href=\"CodeSystem-HIVConcepts.html\"><code>http://smart.who.int/hiv/CodeSystem/HIVConcepts</code></a><table class=\"none\"><tr><td style=\"white-space:nowrap\"><b>Code</b></td><td><b>Display</b></td><td><b>Definition</b></td></tr><tr><td><a href=\"CodeSystem-HIVConcepts.html#HIVConcepts-HIV.46D.46DE713\">HIV.D.DE713</a></td><td>Stage 0</td><td>Stage 0 cervical cancer at diagnosis of cervical cancer</td></tr><tr><td><a href=\"CodeSystem-HIVConcepts.html#HIVConcepts-HIV.46D.46DE714\">HIV.D.DE714</a></td><td>Stage I</td><td>Stage I cervical cancer at diagnosis of cervical cancer</td></tr><tr><td><a href=\"CodeSystem-HIVConcepts.html#HIVConcepts-HIV.46D.46DE715\">HIV.D.DE715</a></td><td>Stage II</td><td>Stage II cervical cancer at diagnosis of cervical cancer</td></tr><tr><td><a href=\"CodeSystem-HIVConcepts.html#HIVConcepts-HIV.46D.46DE716\">HIV.D.DE716</a></td><td>Stage III</td><td>Stage III cervical cancer at diagnosis of cervical cancer</td></tr><tr><td><a href=\"CodeSystem-HIVConcepts.html#HIVConcepts-HIV.46D.46DE717\">HIV.D.DE717</a></td><td>Stage IV</td><td>Stage IV cervical cancer at diagnosis of cervical cancer</td></tr></table></li></ul></div>"},"url":"http://smart.who.int/hiv/ValueSet/HIV.D.DE712","version":"0.1.0","name":"HIVDDE712","title":"Cervical cancer stage at diagnosis ValueSet","status":"active","experimental":true,"date":"2024-06-29T18:14:02+00:00","publisher":"WHO","contact":[{"name":"WHO","telecom":[{"system":"url","value":"http://who.int"}]}],"description":"Value set of cervical cancer stage at diagnosis of cervical cancer","compose":{"include":[{"system":"http://smart.who.int/hiv/CodeSystem/HIVConcepts","concept":[{"code":"HIV.D.DE713","display":"Stage 0"},{"code":"HIV.D.DE714","display":"Stage I"},{"code":"HIV.D.DE715","display":"Stage II"},{"code":"HIV.D.DE716","display":"Stage III"},{"code":"HIV.D.DE717","display":"Stage IV"}]}]}}