{"resourceType":"ValueSet","id":"HIV.C.DE31","meta":{"profile":["http://hl7.org/fhir/uv/crmi/StructureDefinition/crmi-shareablevalueset","http://hl7.org/fhir/uv/crmi/StructureDefinition/crmi-publishablevalueset","http://hl7.org/fhir/uv/crmi/StructureDefinition/crmi-computablevalueset"]},"text":{"status":"extensions","div":"<div xmlns=\"http://www.w3.org/1999/xhtml\"><p class=\"res-header-id\"><b>Generated Narrative: ValueSet HIV.C.DE31</b></p><a name=\"HIV.C.DE31\"> </a><a name=\"hcHIV.C.DE31\"> </a><a name=\"hcHIV.C.DE31-en-US\"> </a><ul><li>Include these codes as defined in <a href=\"CodeSystem-HIVConcepts.html\"><code>http://smart.who.int/hiv/CodeSystem/HIVConcepts</code></a><table class=\"none\"><tr><td style=\"white-space:nowrap\"><b>Code</b></td><td><b>Display</b></td><td><b>Definition</b></td></tr><tr><td><a href=\"CodeSystem-HIVConcepts.html#HIVConcepts-HIV.46C.46DE32\">HIV.C.DE32</a></td><td>First-time user</td><td>The client has never used post-exposure prophylaxis (PEP) before</td></tr><tr><td><a href=\"CodeSystem-HIVConcepts.html#HIVConcepts-HIV.46C.46DE33\">HIV.C.DE33</a></td><td>Repeat user</td><td>The client has used post-exposure prophylaxis (PEP) before</td></tr></table></li></ul></div>"},"url":"http://smart.who.int/hiv/ValueSet/HIV.C.DE31","version":"0.1.0","name":"HIVCDE31","title":"PEP history ValueSet","status":"active","experimental":true,"date":"2024-06-29T17:44:13+00:00","publisher":"WHO","contact":[{"name":"WHO","telecom":[{"system":"url","value":"http://who.int"}]}],"description":"Value set of the client's history in taking post-exposure prophylaxis (PEP) for HIV prevention","compose":{"include":[{"system":"http://smart.who.int/hiv/CodeSystem/HIVConcepts","concept":[{"code":"HIV.C.DE32","display":"First-time user"},{"code":"HIV.C.DE33","display":"Repeat user"}]}]}}