{"resourceType":"ValueSet","id":"HIV.D.DE90","meta":{"profile":["http://hl7.org/fhir/uv/crmi/StructureDefinition/crmi-shareablevalueset","http://hl7.org/fhir/uv/crmi/StructureDefinition/crmi-publishablevalueset","http://hl7.org/fhir/uv/crmi/StructureDefinition/crmi-computablevalueset"]},"text":{"status":"extensions","div":"<div xmlns=\"http://www.w3.org/1999/xhtml\"><p class=\"res-header-id\"><b>Generated Narrative: ValueSet HIV.D.DE90</b></p><a name=\"HIV.D.DE90\"> </a><a name=\"hcHIV.D.DE90\"> </a><a name=\"hcHIV.D.DE90-en-US\"> </a><ul><li>Include these codes as defined in <a href=\"CodeSystem-HIVConcepts.html\"><code>http://smart.who.int/hiv/CodeSystem/HIVConcepts</code></a><table class=\"none\"><tr><td style=\"white-space:nowrap\"><b>Code</b></td><td><b>Display</b></td><td><b>Definition</b></td></tr><tr><td><a href=\"CodeSystem-HIVConcepts.html#HIVConcepts-HIV.46D.46DE91\">HIV.D.DE91</a></td><td>ABC + 3TC + ATV/r</td><td>Regimen containing abacavir, lamivudine, and atazanavir/ritonavir</td></tr><tr><td><a href=\"CodeSystem-HIVConcepts.html#HIVConcepts-HIV.46D.46DE92\">HIV.D.DE92</a></td><td>ABC + 3TC + DTG</td><td>Regimen containing abacavir, lamivudine, and dolutegravir</td></tr><tr><td><a href=\"CodeSystem-HIVConcepts.html#HIVConcepts-HIV.46D.46DE93\">HIV.D.DE93</a></td><td>ABC + 3TC + EFV</td><td>Regimen containing abacavir, lamivudine, and efavarinez</td></tr><tr><td><a href=\"CodeSystem-HIVConcepts.html#HIVConcepts-HIV.46D.46DE94\">HIV.D.DE94</a></td><td>ABC + 3TC + LPV/r</td><td>Regimen containing abacavir, lamivudine, and lopinavir/ritonavir</td></tr><tr><td><a href=\"CodeSystem-HIVConcepts.html#HIVConcepts-HIV.46D.46DE95\">HIV.D.DE95</a></td><td>ABC + 3TC + NVP</td><td>Regimen containing abacavir, lamivudine, and nevirapine</td></tr><tr><td><a href=\"CodeSystem-HIVConcepts.html#HIVConcepts-HIV.46D.46DE96\">HIV.D.DE96</a></td><td>ABC + 3TC + RAL</td><td>Regimen containing abacavir, lamivudine, and raltegravir</td></tr><tr><td><a href=\"CodeSystem-HIVConcepts.html#HIVConcepts-HIV.46D.46DE97\">HIV.D.DE97</a></td><td>AZT + 3TC + ATV/r</td><td>Regimen containing zidovudine, lamivudine, and atazanavir/ritonavir</td></tr><tr><td><a href=\"CodeSystem-HIVConcepts.html#HIVConcepts-HIV.46D.46DE98\">HIV.D.DE98</a></td><td>AZT + 3TC + DRV/r</td><td>Regimen containing zidovudine, lamivudine, and darunavir/ritonavir</td></tr><tr><td><a href=\"CodeSystem-HIVConcepts.html#HIVConcepts-HIV.46D.46DE99\">HIV.D.DE99</a></td><td>AZT + 3TC + DTG</td><td>Regimen containing zidovudine, lamivudine, and dolutegravir</td></tr><tr><td><a href=\"CodeSystem-HIVConcepts.html#HIVConcepts-HIV.46D.46DE100\">HIV.D.DE100</a></td><td>AZT + 3TC + EFV</td><td>Regimen containing zidovudine, lamivudine, and efavirenz</td></tr><tr><td><a href=\"CodeSystem-HIVConcepts.html#HIVConcepts-HIV.46D.46DE101\">HIV.D.DE101</a></td><td>AZT + 3TC + EFV 600 mg</td><td>Regimen containing zidovudine, lamivudine, and efavirenz 600 mg</td></tr><tr><td><a href=\"CodeSystem-HIVConcepts.html#HIVConcepts-HIV.46D.46DE102\">HIV.D.DE102</a></td><td>AZT + 3TC + LPV/r</td><td>Regimen containing zidovudine, lamivudine, and lopinavir/ritonavir</td></tr><tr><td><a href=\"CodeSystem-HIVConcepts.html#HIVConcepts-HIV.46D.46DE103\">HIV.D.DE103</a></td><td>AZT + 3TC + NVP</td><td>Regimen containing zidovudine, lamivudine, and nevirapine</td></tr><tr><td><a href=\"CodeSystem-HIVConcepts.html#HIVConcepts-HIV.46D.46DE104\">HIV.D.DE104</a></td><td>AZT + 3TC + RAL</td><td>Regimen containing zidovudine, lamivudine, and raltegravir</td></tr><tr><td><a href=\"CodeSystem-HIVConcepts.html#HIVConcepts-HIV.46D.46DE105\">HIV.D.DE105</a></td><td>TAF + 3TC + DTG</td><td>Regimen containing tenofovir alafenamide, lamivudine, and dolutegravir</td></tr><tr><td><a href=\"CodeSystem-HIVConcepts.html#HIVConcepts-HIV.46D.46DE106\">HIV.D.DE106</a></td><td>TAF + FTC + DTG</td><td>Regimen containing tenofovir alafenamide, emtricitabine, and dolutegravir</td></tr><tr><td><a href=\"CodeSystem-HIVConcepts.html#HIVConcepts-HIV.46D.46DE107\">HIV.D.DE107</a></td><td>TDF + 3TC + ATV/r</td><td>Regimen containing tenofovir disoproxil fumarate, lamivudine, and atazanavir/ritonavir</td></tr><tr><td><a href=\"CodeSystem-HIVConcepts.html#HIVConcepts-HIV.46D.46DE108\">HIV.D.DE108</a></td><td>TDF + 3TC + DRV/r</td><td>Regimen containing tenofovir disoproxil fumarate, lamivudine, and darunavir/ritonavir</td></tr><tr><td><a href=\"CodeSystem-HIVConcepts.html#HIVConcepts-HIV.46D.46DE109\">HIV.D.DE109</a></td><td>TDF + 3TC + DTG</td><td>Regimen containing tenofovir disoproxil fumarate, lamivudine, and dolutegravir</td></tr><tr><td><a href=\"CodeSystem-HIVConcepts.html#HIVConcepts-HIV.46D.46DE110\">HIV.D.DE110</a></td><td>TDF + 3TC + EFV</td><td>Regimen containing tenofovir disoproxil fumarate, lamivudine, and efavirenz</td></tr><tr><td><a href=\"CodeSystem-HIVConcepts.html#HIVConcepts-HIV.46D.46DE111\">HIV.D.DE111</a></td><td>TDF + 3TC + EFV 400 mg</td><td>Regimen containing tenofovir disoproxil fumarate, lamivudine, and efavirenz (400 mg)</td></tr><tr><td><a href=\"CodeSystem-HIVConcepts.html#HIVConcepts-HIV.46D.46DE112\">HIV.D.DE112</a></td><td>TDF + 3TC + EFV 600 mg</td><td>Regimen containing tenofovir disoproxil fumarate, lamivudine, and efavirenz (600 mg)</td></tr><tr><td><a href=\"CodeSystem-HIVConcepts.html#HIVConcepts-HIV.46D.46DE113\">HIV.D.DE113</a></td><td>TDF + 3TC + LPV/r</td><td>Regimen containing tenofovir disoproxil fumarate, lamivudine, and lopinavir/ritonavir</td></tr><tr><td><a href=\"CodeSystem-HIVConcepts.html#HIVConcepts-HIV.46D.46DE114\">HIV.D.DE114</a></td><td>TDF + 3TC + NVP</td><td>Regimen containing tenofovir disoproxil fumarate, lamivudine, and nevirapine</td></tr><tr><td><a href=\"CodeSystem-HIVConcepts.html#HIVConcepts-HIV.46D.46DE115\">HIV.D.DE115</a></td><td>TDF + 3TC + PI/r</td><td>Regimen containing tenofovir disoproxil fumarate, lamivudine, and a boosted protease inhibitor</td></tr><tr><td><a href=\"CodeSystem-HIVConcepts.html#HIVConcepts-HIV.46D.46DE116\">HIV.D.DE116</a></td><td>TDF + 3TC + RAL</td><td>Regimen containing tenofovir disoproxil fumarate, lamivudine, and raltegravir</td></tr><tr><td><a href=\"CodeSystem-HIVConcepts.html#HIVConcepts-HIV.46D.46DE117\">HIV.D.DE117</a></td><td>TDF + FTC + ATV/r</td><td>Regimen containing tenofovir disoproxil fumarate, emtricitabine, and atazanavir/ritonavir</td></tr><tr><td><a href=\"CodeSystem-HIVConcepts.html#HIVConcepts-HIV.46D.46DE118\">HIV.D.DE118</a></td><td>TDF + FTC + DRV/r</td><td>Regimen containing tenofovir disoproxil fumarate, emtricitabine, and darunavir/ritonavir</td></tr><tr><td><a href=\"CodeSystem-HIVConcepts.html#HIVConcepts-HIV.46D.46DE119\">HIV.D.DE119</a></td><td>TDF + FTC + DTG</td><td>Regimen containing tenofovir disoproxil fumarate, emtricitabine, and dolutegravir</td></tr><tr><td><a href=\"CodeSystem-HIVConcepts.html#HIVConcepts-HIV.46D.46DE120\">HIV.D.DE120</a></td><td>TDF + FTC + EFV</td><td>Regimen containing tenofovir disoproxil fumarate, emtricitabine, and efavirenz</td></tr><tr><td><a href=\"CodeSystem-HIVConcepts.html#HIVConcepts-HIV.46D.46DE121\">HIV.D.DE121</a></td><td>TDF + FTC + EFV 600 mg</td><td>Regimen containing tenofovir disoproxil fumarate, emtricitabine, and efavirenz (600 mg)</td></tr><tr><td><a href=\"CodeSystem-HIVConcepts.html#HIVConcepts-HIV.46D.46DE122\">HIV.D.DE122</a></td><td>TDF + FTC + LPV/r</td><td>Regimen containing tenofovir disoproxil fumarate, emtricitabine, and lopinavir/ritonavir</td></tr><tr><td><a href=\"CodeSystem-HIVConcepts.html#HIVConcepts-HIV.46D.46DE123\">HIV.D.DE123</a></td><td>TDF + FTC + NVP</td><td>Regimen containing tenofovir disoproxil fumarate, emtricitabine, and nevirapine</td></tr><tr><td><a href=\"CodeSystem-HIVConcepts.html#HIVConcepts-HIV.46D.46DE124\">HIV.D.DE124</a></td><td>TDF + FTC + PI/r</td><td>Regimen containing tenofovir disoproxil fumarate, emtricitabine, and a boosted protease inhibitor</td></tr><tr><td><a href=\"CodeSystem-HIVConcepts.html#HIVConcepts-HIV.46D.46DE125\">HIV.D.DE125</a></td><td>TDF + FTC + RAL</td><td>Regimen containing tenofovir disoproxil fumarate, emtricitabine, and raltegravir</td></tr><tr><td><a href=\"CodeSystem-HIVConcepts.html#HIVConcepts-HIV.46D.46DE126\">HIV.D.DE126</a></td><td>Other</td><td>Other regimen based upon WHO recommendations</td></tr></table></li></ul></div>"},"url":"http://smart.who.int/hiv/ValueSet/HIV.D.DE90","version":"0.1.0","name":"HIVDDE90","title":"ART regimen ValueSet","status":"active","experimental":true,"date":"2024-06-29T17:44:13+00:00","publisher":"WHO","contact":[{"name":"WHO","telecom":[{"system":"url","value":"http://who.int"}]}],"description":"Value set of list of ART regimens","compose":{"include":[{"system":"http://smart.who.int/hiv/CodeSystem/HIVConcepts","concept":[{"code":"HIV.D.DE91","display":"ABC + 3TC + ATV/r"},{"code":"HIV.D.DE92","display":"ABC + 3TC + DTG"},{"code":"HIV.D.DE93","display":"ABC + 3TC + EFV"},{"code":"HIV.D.DE94","display":"ABC + 3TC + LPV/r"},{"code":"HIV.D.DE95","display":"ABC + 3TC + NVP"},{"code":"HIV.D.DE96","display":"ABC + 3TC + RAL"},{"code":"HIV.D.DE97","display":"AZT + 3TC + ATV/r"},{"code":"HIV.D.DE98","display":"AZT + 3TC + DRV/r"},{"code":"HIV.D.DE99","display":"AZT + 3TC + DTG"},{"code":"HIV.D.DE100","display":"AZT + 3TC + EFV"},{"code":"HIV.D.DE101","display":"AZT + 3TC + EFV 600 mg"},{"code":"HIV.D.DE102","display":"AZT + 3TC + LPV/r"},{"code":"HIV.D.DE103","display":"AZT + 3TC + NVP"},{"code":"HIV.D.DE104","display":"AZT + 3TC + RAL"},{"code":"HIV.D.DE105","display":"TAF + 3TC + DTG"},{"code":"HIV.D.DE106","display":"TAF + FTC + DTG"},{"code":"HIV.D.DE107","display":"TDF + 3TC + ATV/r"},{"code":"HIV.D.DE108","display":"TDF + 3TC + DRV/r"},{"code":"HIV.D.DE109","display":"TDF + 3TC + DTG"},{"code":"HIV.D.DE110","display":"TDF + 3TC + EFV"},{"code":"HIV.D.DE111","display":"TDF + 3TC + EFV 400 mg"},{"code":"HIV.D.DE112","display":"TDF + 3TC + EFV 600 mg"},{"code":"HIV.D.DE113","display":"TDF + 3TC + LPV/r"},{"code":"HIV.D.DE114","display":"TDF + 3TC + NVP"},{"code":"HIV.D.DE115","display":"TDF + 3TC + PI/r"},{"code":"HIV.D.DE116","display":"TDF + 3TC + RAL"},{"code":"HIV.D.DE117","display":"TDF + FTC + ATV/r"},{"code":"HIV.D.DE118","display":"TDF + FTC + DRV/r"},{"code":"HIV.D.DE119","display":"TDF + FTC + DTG"},{"code":"HIV.D.DE120","display":"TDF + FTC + EFV"},{"code":"HIV.D.DE121","display":"TDF + FTC + EFV 600 mg"},{"code":"HIV.D.DE122","display":"TDF + FTC + LPV/r"},{"code":"HIV.D.DE123","display":"TDF + FTC + NVP"},{"code":"HIV.D.DE124","display":"TDF + FTC + PI/r"},{"code":"HIV.D.DE125","display":"TDF + FTC + RAL"},{"code":"HIV.D.DE126","display":"Other"}]}]}}