{"resourceType":"ValueSet","id":"HIV.A.DE43","meta":{"profile":["http://hl7.org/fhir/uv/crmi/StructureDefinition/crmi-shareablevalueset","http://hl7.org/fhir/uv/crmi/StructureDefinition/crmi-publishablevalueset","http://hl7.org/fhir/uv/crmi/StructureDefinition/crmi-computablevalueset"]},"text":{"status":"generated","div":"<div xmlns=\"http://www.w3.org/1999/xhtml\"><p class=\"res-header-id\"><b>Generated Narrative: ValueSet HIV.A.DE43</b></p><a name=\"HIV.A.DE43\"> </a><a name=\"hcHIV.A.DE43\"> </a><a name=\"hcHIV.A.DE43-en-US\"> </a><p>This value set includes codes based on the following rules:</p><ul/></div>"},"url":"http://smart.who.int/hiv/ValueSet/HIV.A.DE43","version":"0.1.0","name":"HIVADE43","title":"Administrative Area ValueSet","status":"active","experimental":true,"date":"2024-06-29T18:14:02+00:00","publisher":"WHO","contact":[{"name":"WHO","telecom":[{"system":"url","value":"http://who.int"}]}],"description":"Value set of this should be a context-specific list of administrative areas, such as villages, districts, etc. The purpose of this data element is to allow for grouping and flagging of client data to a particular facility's catchment area. This can be input into the system by the end user OR it can be automated in the database based on the end user's attributes."}