{"resourceType":"ValueSet","id":"HIV.B.DE201","meta":{"profile":["http://hl7.org/fhir/uv/crmi/StructureDefinition/crmi-shareablevalueset","http://hl7.org/fhir/uv/crmi/StructureDefinition/crmi-publishablevalueset","http://hl7.org/fhir/uv/crmi/StructureDefinition/crmi-computablevalueset"]},"text":{"status":"generated","div":"<div xmlns=\"http://www.w3.org/1999/xhtml\"><p class=\"res-header-id\"><b>Generated Narrative: ValueSet HIV.B.DE201</b></p><a name=\"HIV.B.DE201\"> </a><a name=\"hcHIV.B.DE201\"> </a><a name=\"hcHIV.B.DE201-en-US\"> </a><p>This value set includes codes based on the following rules:</p><ul/></div>"},"url":"http://smart.who.int/hiv/ValueSet/HIV.B.DE201","version":"0.1.0","name":"HIVBDE201","title":"Adverse event severity ValueSet","status":"active","experimental":true,"date":"2024-06-29T18:14:02+00:00","publisher":"WHO","contact":[{"name":"WHO","telecom":[{"system":"url","value":"http://who.int"}]}],"description":"Value set of severity of the adverse event associated with voluntary medical male circumcision (VMMC) procedure"}