{"resourceType":"ValueSet","id":"HIV.E.DE173","meta":{"profile":["http://hl7.org/fhir/uv/crmi/StructureDefinition/crmi-shareablevalueset","http://hl7.org/fhir/uv/crmi/StructureDefinition/crmi-publishablevalueset","http://hl7.org/fhir/uv/crmi/StructureDefinition/crmi-computablevalueset"]},"text":{"status":"extensions","div":"<div xmlns=\"http://www.w3.org/1999/xhtml\"><p class=\"res-header-id\"><b>Generated Narrative: ValueSet HIV.E.DE173</b></p><a name=\"HIV.E.DE173\"> </a><a name=\"hcHIV.E.DE173\"> </a><a name=\"hcHIV.E.DE173-en-US\"> </a><ul><li>Include these codes as defined in <a href=\"CodeSystem-HIVConcepts.html\"><code>http://smart.who.int/hiv/CodeSystem/HIVConcepts</code></a><table class=\"none\"><tr><td style=\"white-space:nowrap\"><b>Code</b></td><td><b>Display</b></td><td><b>Definition</b></td></tr><tr><td><a href=\"CodeSystem-HIVConcepts.html#HIVConcepts-HIV.46E.46DE174\">HIV.E.DE174</a></td><td>12-month visit</td><td>HIV-exposed infant attending MCH services for a 12-month visit</td></tr><tr><td><a href=\"CodeSystem-HIVConcepts.html#HIVConcepts-HIV.46E.46DE175\">HIV.E.DE175</a></td><td>24-month visit</td><td>HIV-exposed infants attending MCH services for a 24-month visit</td></tr><tr><td><a href=\"CodeSystem-HIVConcepts.html#HIVConcepts-HIV.46E.46DE176\">HIV.E.DE176</a></td><td>First visit after the end of breastfeeding</td><td>HIV-exposed infant attending MCH services for a first visit after the end of breastfeeding</td></tr></table></li></ul></div>"},"url":"http://smart.who.int/hiv/ValueSet/HIV.E.DE173","version":"0.1.0","name":"HIVEDE173","title":"Maternal and child health service visit ValueSet","status":"active","experimental":true,"date":"2024-06-29T17:44:13+00:00","publisher":"WHO","contact":[{"name":"WHO","telecom":[{"system":"url","value":"http://who.int"}]}],"description":"Value set of maternal and child health service visit attended by an HIV-exposed infant","compose":{"include":[{"system":"http://smart.who.int/hiv/CodeSystem/HIVConcepts","concept":[{"code":"HIV.E.DE174","display":"12-month visit"},{"code":"HIV.E.DE175","display":"24-month visit"},{"code":"HIV.E.DE176","display":"First visit after the end of breastfeeding"}]}]}}