{"resourceType":"ValueSet","id":"HIV.D.DE449","meta":{"profile":["http://hl7.org/fhir/uv/crmi/StructureDefinition/crmi-shareablevalueset","http://hl7.org/fhir/uv/crmi/StructureDefinition/crmi-publishablevalueset","http://hl7.org/fhir/uv/crmi/StructureDefinition/crmi-computablevalueset"]},"text":{"status":"extensions","div":"<div xmlns=\"http://www.w3.org/1999/xhtml\"><p class=\"res-header-id\"><b>Generated Narrative: ValueSet HIV.D.DE449</b></p><a name=\"HIV.D.DE449\"> </a><a name=\"hcHIV.D.DE449\"> </a><a name=\"hcHIV.D.DE449-en-US\"> </a><ul><li>Include these codes as defined in <a href=\"CodeSystem-HIVConcepts.html\"><code>http://smart.who.int/hiv/CodeSystem/HIVConcepts</code></a><table class=\"none\"><tr><td style=\"white-space:nowrap\"><b>Code</b></td><td><b>Display</b></td><td><b>Definition</b></td></tr><tr><td><a href=\"CodeSystem-HIVConcepts.html#HIVConcepts-HIV.46D.46DE450\">HIV.D.DE450</a></td><td>Pregnant at ART start</td><td>Client was pregnant when ART was initiated</td></tr><tr><td><a href=\"CodeSystem-HIVConcepts.html#HIVConcepts-HIV.46D.46DE451\">HIV.D.DE451</a></td><td>Postpartum at ART start</td><td>Client was postpartum when ART was initiated</td></tr><tr><td><a href=\"CodeSystem-HIVConcepts.html#HIVConcepts-HIV.46D.46DE452\">HIV.D.DE452</a></td><td>ART start at labour and delivery</td><td>Client initiated ART at labour and delivery</td></tr><tr><td><a href=\"CodeSystem-HIVConcepts.html#HIVConcepts-HIV.46D.46DE453\">HIV.D.DE453</a></td><td>Breastfeeding at ART start</td><td>Client was breastfeeding when ART was initiated</td></tr></table></li></ul></div>"},"url":"http://smart.who.int/hiv/ValueSet/HIV.D.DE449","version":"0.1.0","name":"HIVDDE449","title":"Pregnant and breastfeeding status at ART start ValueSet","status":"active","experimental":true,"date":"2024-06-29T18:14:02+00:00","publisher":"WHO","contact":[{"name":"WHO","telecom":[{"system":"url","value":"http://who.int"}]}],"description":"Value set of aRT status of women to prevent mother-to-child transmission","compose":{"include":[{"system":"http://smart.who.int/hiv/CodeSystem/HIVConcepts","concept":[{"code":"HIV.D.DE450","display":"Pregnant at ART start"},{"code":"HIV.D.DE451","display":"Postpartum at ART start"},{"code":"HIV.D.DE452","display":"ART start at labour and delivery"},{"code":"HIV.D.DE453","display":"Breastfeeding at ART start"}]}]}}