{"resourceType":"ValueSet","id":"HIV.E.DE114","meta":{"profile":["http://hl7.org/fhir/uv/crmi/StructureDefinition/crmi-shareablevalueset","http://hl7.org/fhir/uv/crmi/StructureDefinition/crmi-publishablevalueset","http://hl7.org/fhir/uv/crmi/StructureDefinition/crmi-computablevalueset"]},"text":{"status":"extensions","div":"<div xmlns=\"http://www.w3.org/1999/xhtml\"><p class=\"res-header-id\"><b>Generated Narrative: ValueSet HIV.E.DE114</b></p><a name=\"HIV.E.DE114\"> </a><a name=\"hcHIV.E.DE114\"> </a><a name=\"hcHIV.E.DE114-en-US\"> </a><ul><li>Include these codes as defined in <a href=\"CodeSystem-HIVConcepts.html\"><code>http://smart.who.int/hiv/CodeSystem/HIVConcepts</code></a><table class=\"none\"><tr><td style=\"white-space:nowrap\"><b>Code</b></td><td><b>Display</b></td><td><b>Definition</b></td></tr><tr><td><a href=\"CodeSystem-HIVConcepts.html#HIVConcepts-HIV.46E.46DE115\">HIV.E.DE115</a></td><td>Sex worker</td><td>Infant's mother is a sex worker</td></tr><tr><td><a href=\"CodeSystem-HIVConcepts.html#HIVConcepts-HIV.46E.46DE116\">HIV.E.DE116</a></td><td>People who inject drugs</td><td>Infant's mother is a person who injects drugs</td></tr><tr><td><a href=\"CodeSystem-HIVConcepts.html#HIVConcepts-HIV.46E.46DE117\">HIV.E.DE117</a></td><td>Trans and gender-diverse people</td><td>Infant's mother identifies as trans and gender-diverse</td></tr><tr><td><a href=\"CodeSystem-HIVConcepts.html#HIVConcepts-HIV.46E.46DE118\">HIV.E.DE118</a></td><td>People living in prisons and other closed setting</td><td>Infant's mother is in a prison or closed setting</td></tr></table></li></ul></div>"},"url":"http://smart.who.int/hiv/ValueSet/HIV.E.DE114","version":"0.1.0","name":"HIVEDE114","title":"Key population member type ValueSet","status":"active","experimental":true,"date":"2024-06-29T18:14:02+00:00","publisher":"WHO","contact":[{"name":"WHO","telecom":[{"system":"url","value":"http://who.int"}]}],"description":"Value set of the type of key population that the infant's mother is included in","compose":{"include":[{"system":"http://smart.who.int/hiv/CodeSystem/HIVConcepts","concept":[{"code":"HIV.E.DE115","display":"Sex worker"},{"code":"HIV.E.DE116","display":"People who inject drugs"},{"code":"HIV.E.DE117","display":"Trans and gender-diverse people"},{"code":"HIV.E.DE118","display":"People living in prisons and other closed setting"}]}]}}