{"resourceType":"ValueSet","id":"HIV.B.DE136","meta":{"profile":["http://hl7.org/fhir/uv/crmi/StructureDefinition/crmi-shareablevalueset","http://hl7.org/fhir/uv/crmi/StructureDefinition/crmi-publishablevalueset","http://hl7.org/fhir/uv/crmi/StructureDefinition/crmi-computablevalueset"]},"text":{"status":"extensions","div":"<div xmlns=\"http://www.w3.org/1999/xhtml\"><p class=\"res-header-id\"><b>Generated Narrative: ValueSet HIV.B.DE136</b></p><a name=\"HIV.B.DE136\"> </a><a name=\"hcHIV.B.DE136\"> </a><a name=\"hcHIV.B.DE136-en-US\"> </a><ul><li>Include these codes as defined in <a href=\"CodeSystem-HIVConcepts.html\"><code>http://smart.who.int/hiv/CodeSystem/HIVConcepts</code></a><table class=\"none\"><tr><td style=\"white-space:nowrap\"><b>Code</b></td><td><b>Display</b></td><td><b>Definition</b></td></tr><tr><td><a href=\"CodeSystem-HIVConcepts.html#HIVConcepts-HIV.46B.46DE137\">HIV.B.DE137</a></td><td>HIV-positive</td><td>Client's partner is HIV-positive</td></tr><tr><td><a href=\"CodeSystem-HIVConcepts.html#HIVConcepts-HIV.46B.46DE138\">HIV.B.DE138</a></td><td>HIV-negative</td><td>Client's partner is HIV-negative</td></tr><tr><td><a href=\"CodeSystem-HIVConcepts.html#HIVConcepts-HIV.46B.46DE139\">HIV.B.DE139</a></td><td>Unknown</td><td>Client's partner HIV status is unknown</td></tr></table></li></ul></div>"},"url":"http://smart.who.int/hiv/ValueSet/HIV.B.DE136","version":"0.1.0","name":"HIVBDE136","title":"Partner HIV status (confirmed) ValueSet","status":"active","experimental":true,"date":"2024-06-29T17:44:13+00:00","publisher":"WHO","contact":[{"name":"WHO","telecom":[{"system":"url","value":"http://who.int"}]}],"description":"Value set of the HIV status of a sexual or drug-injecting partner of the client, based on a confirmed test result","compose":{"include":[{"system":"http://smart.who.int/hiv/CodeSystem/HIVConcepts","concept":[{"code":"HIV.B.DE137","display":"HIV-positive"},{"code":"HIV.B.DE138","display":"HIV-negative"},{"code":"HIV.B.DE139","display":"Unknown"}]}]}}