{"resourceType":"ValueSet","id":"HIV.C.DE122","meta":{"profile":["http://hl7.org/fhir/uv/crmi/StructureDefinition/crmi-shareablevalueset","http://hl7.org/fhir/uv/crmi/StructureDefinition/crmi-publishablevalueset","http://hl7.org/fhir/uv/crmi/StructureDefinition/crmi-computablevalueset"]},"text":{"status":"generated","div":"<div xmlns=\"http://www.w3.org/1999/xhtml\"><p class=\"res-header-id\"><b>Generated Narrative: ValueSet HIV.C.DE122</b></p><a name=\"HIV.C.DE122\"> </a><a name=\"hcHIV.C.DE122\"> </a><a name=\"hcHIV.C.DE122-en-US\"> </a><p>This value set includes codes based on the following rules:</p><ul/></div>"},"url":"http://smart.who.int/hiv/ValueSet/HIV.C.DE122","version":"0.1.0","name":"HIVCDE122","title":"PrEP regimen prescribed ValueSet","status":"active","experimental":true,"date":"2024-06-29T18:14:02+00:00","publisher":"WHO","contact":[{"name":"WHO","telecom":[{"system":"url","value":"http://who.int"}]}],"description":"Value set of HIV pre-exposure prophylaxis (PrEP) regimen prescribed"}