{
  "resourceType" : "ValueSet",
  "id" : "HIV.E.DE47",
  "meta" : {
    "profile" : ["http://hl7.org/fhir/uv/crmi/StructureDefinition/crmi-shareablevalueset",
    "http://hl7.org/fhir/uv/crmi/StructureDefinition/crmi-publishablevalueset",
    "http://hl7.org/fhir/uv/crmi/StructureDefinition/crmi-computablevalueset"]
  },
  "text" : {
    "status" : "extensions",
    "div" : "<div xmlns=\"http://www.w3.org/1999/xhtml\"><p class=\"res-header-id\"><b>Generated Narrative: ValueSet HIV.E.DE47</b></p><a name=\"HIV.E.DE47\"> </a><a name=\"hcHIV.E.DE47\"> </a><a name=\"hcHIV.E.DE47-en-US\"> </a><ul><li>Include these codes as defined in <a href=\"CodeSystem-HIVConcepts.html\"><code>http://smart.who.int/hiv/CodeSystem/HIVConcepts</code></a><table class=\"none\"><tr><td style=\"white-space:nowrap\"><b>Code</b></td><td><b>Display</b></td><td><b>Definition</b></td></tr><tr><td><a href=\"CodeSystem-HIVConcepts.html#HIVConcepts-HIV.46E.46DE48\">HIV.E.DE48</a></td><td>Live birth</td><td>Outcome of pregnancy was a live birth</td></tr><tr><td><a href=\"CodeSystem-HIVConcepts.html#HIVConcepts-HIV.46E.46DE49\">HIV.E.DE49</a></td><td>Early fetal loss/miscarriage</td><td>Outcome of pregnancy was early fetal loss/miscarriage</td></tr><tr><td><a href=\"CodeSystem-HIVConcepts.html#HIVConcepts-HIV.46E.46DE50\">HIV.E.DE50</a></td><td>Induced abortion</td><td>Outcome of pregnancy was induced abortion</td></tr><tr><td><a href=\"CodeSystem-HIVConcepts.html#HIVConcepts-HIV.46E.46DE51\">HIV.E.DE51</a></td><td>Stillbirth</td><td>Outcome of pregnancy was stillbirth</td></tr></table></li></ul></div>"
  },
  "url" : "http://smart.who.int/hiv/ValueSet/HIV.E.DE47",
  "version" : "0.1.0",
  "name" : "HIVEDE47",
  "title" : "Pregnancy outcome ValueSet",
  "status" : "active",
  "experimental" : true,
  "date" : "2024-06-29T18:14:02+00:00",
  "publisher" : "WHO",
  "contact" : [{
    "name" : "WHO",
    "telecom" : [{
      "system" : "url",
      "value" : "http://who.int"
    }]
  }],
  "description" : "Value set of outcome of current pregnancy",
  "compose" : {
    "include" : [{
      "system" : "http://smart.who.int/hiv/CodeSystem/HIVConcepts",
      "concept" : [{
        "code" : "HIV.E.DE48",
        "display" : "Live birth"
      },
      {
        "code" : "HIV.E.DE49",
        "display" : "Early fetal loss/miscarriage"
      },
      {
        "code" : "HIV.E.DE50",
        "display" : "Induced abortion"
      },
      {
        "code" : "HIV.E.DE51",
        "display" : "Stillbirth"
      }]
    }]
  }
}