{
  "resourceType" : "ValueSet",
  "id" : "HIV.B.DE204",
  "meta" : {
    "profile" : ["http://hl7.org/fhir/uv/crmi/StructureDefinition/crmi-shareablevalueset",
    "http://hl7.org/fhir/uv/crmi/StructureDefinition/crmi-publishablevalueset",
    "http://hl7.org/fhir/uv/crmi/StructureDefinition/crmi-computablevalueset"]
  },
  "text" : {
    "status" : "extensions",
    "div" : "<div xmlns=\"http://www.w3.org/1999/xhtml\"><p class=\"res-header-id\"><b>Generated Narrative: ValueSet HIV.B.DE204</b></p><a name=\"HIV.B.DE204\"> </a><a name=\"hcHIV.B.DE204\"> </a><a name=\"hcHIV.B.DE204-en-US\"> </a><ul><li>Include these codes as defined in <a href=\"CodeSystem-HIVConcepts.html\"><code>http://smart.who.int/hiv/CodeSystem/HIVConcepts</code></a><table class=\"none\"><tr><td style=\"white-space:nowrap\"><b>Code</b></td><td><b>Display</b></td><td><b>Definition</b></td></tr><tr><td><a href=\"CodeSystem-HIVConcepts.html#HIVConcepts-HIV.46B.46DE205\">HIV.B.DE205</a></td><td>Intraoperative</td><td>The adverse event associated with VMMC procedure occurred during the procedure</td></tr><tr><td><a href=\"CodeSystem-HIVConcepts.html#HIVConcepts-HIV.46B.46DE206\">HIV.B.DE206</a></td><td>Postoperative</td><td>The adverse event associated with VMMC procedure occurred within the first 30 days after the procedure</td></tr></table></li></ul></div>"
  },
  "url" : "http://smart.who.int/hiv/ValueSet/HIV.B.DE204",
  "version" : "0.1.0",
  "name" : "HIVBDE204",
  "title" : "Timing of adverse event ValueSet",
  "status" : "active",
  "experimental" : true,
  "date" : "2024-06-29T17:44:13+00:00",
  "publisher" : "WHO",
  "contact" : [{
    "name" : "WHO",
    "telecom" : [{
      "system" : "url",
      "value" : "http://who.int"
    }]
  }],
  "description" : "Value set of when the adverse event associated with VMMC procedure occurred",
  "compose" : {
    "include" : [{
      "system" : "http://smart.who.int/hiv/CodeSystem/HIVConcepts",
      "concept" : [{
        "code" : "HIV.B.DE205",
        "display" : "Intraoperative"
      },
      {
        "code" : "HIV.B.DE206",
        "display" : "Postoperative"
      }]
    }]
  }
}