{
  "resourceType" : "ValueSet",
  "id" : "HIV.D.DE836",
  "meta" : {
    "profile" : ["http://hl7.org/fhir/uv/crmi/StructureDefinition/crmi-shareablevalueset",
    "http://hl7.org/fhir/uv/crmi/StructureDefinition/crmi-publishablevalueset",
    "http://hl7.org/fhir/uv/crmi/StructureDefinition/crmi-computablevalueset"]
  },
  "text" : {
    "status" : "extensions",
    "div" : "<div xmlns=\"http://www.w3.org/1999/xhtml\"><p class=\"res-header-id\"><b>Generated Narrative: ValueSet HIV.D.DE836</b></p><a name=\"HIV.D.DE836\"> </a><a name=\"hcHIV.D.DE836\"> </a><a name=\"hcHIV.D.DE836-en-US\"> </a><ul><li>Include these codes as defined in <a href=\"CodeSystem-HIVConcepts.html\"><code>http://smart.who.int/hiv/CodeSystem/HIVConcepts</code></a><table class=\"none\"><tr><td style=\"white-space:nowrap\"><b>Code</b></td><td><b>Display</b></td><td><b>Definition</b></td></tr><tr><td><a href=\"CodeSystem-HIVConcepts.html#HIVConcepts-HIV.46D.46DE837\">HIV.D.DE837</a></td><td>NAAT</td><td>Nucleic Acid Amplification Test (NAAT) used</td></tr><tr><td><a href=\"CodeSystem-HIVConcepts.html#HIVConcepts-HIV.46D.46DE838\">HIV.D.DE838</a></td><td>POC Test</td><td>Point-of-care (POC) test used</td></tr><tr><td><a href=\"CodeSystem-HIVConcepts.html#HIVConcepts-HIV.46D.46DE839\">HIV.D.DE839</a></td><td>Culture</td><td>Culture test used</td></tr><tr><td><a href=\"CodeSystem-HIVConcepts.html#HIVConcepts-HIV.46D.46DE840\">HIV.D.DE840</a></td><td>ELISA</td><td>ELISA test used</td></tr><tr><td><a href=\"CodeSystem-HIVConcepts.html#HIVConcepts-HIV.46D.46DE841\">HIV.D.DE841</a></td><td>Microscopy</td><td>Microscopy test used</td></tr><tr><td><a href=\"CodeSystem-HIVConcepts.html#HIVConcepts-HIV.46D.46DE842\">HIV.D.DE842</a></td><td>Other</td><td>Other type of test used</td></tr></table></li></ul></div>"
  },
  "url" : "http://smart.who.int/hiv/ValueSet/HIV.D.DE836",
  "version" : "0.1.0",
  "name" : "HIVDDE836",
  "title" : "Chlamydia trachomatis test type ValueSet",
  "status" : "active",
  "experimental" : true,
  "date" : "2024-06-29T17:44:13+00:00",
  "publisher" : "WHO",
  "contact" : [{
    "name" : "WHO",
    "telecom" : [{
      "system" : "url",
      "value" : "http://who.int"
    }]
  }],
  "description" : "Value set of type of diagnostic test used for Chlamydia trachomatis",
  "compose" : {
    "include" : [{
      "system" : "http://smart.who.int/hiv/CodeSystem/HIVConcepts",
      "concept" : [{
        "code" : "HIV.D.DE837",
        "display" : "NAAT"
      },
      {
        "code" : "HIV.D.DE838",
        "display" : "POC Test"
      },
      {
        "code" : "HIV.D.DE839",
        "display" : "Culture"
      },
      {
        "code" : "HIV.D.DE840",
        "display" : "ELISA"
      },
      {
        "code" : "HIV.D.DE841",
        "display" : "Microscopy"
      },
      {
        "code" : "HIV.D.DE842",
        "display" : "Other"
      }]
    }]
  }
}