{
  "resourceType" : "ValueSet",
  "id" : "HIV.B.DE1",
  "meta" : {
    "profile" : ["http://hl7.org/fhir/uv/crmi/StructureDefinition/crmi-shareablevalueset",
    "http://hl7.org/fhir/uv/crmi/StructureDefinition/crmi-publishablevalueset",
    "http://hl7.org/fhir/uv/crmi/StructureDefinition/crmi-computablevalueset"]
  },
  "text" : {
    "status" : "extensions",
    "div" : "<div xmlns=\"http://www.w3.org/1999/xhtml\"><p class=\"res-header-id\"><b>Generated Narrative: ValueSet HIV.B.DE1</b></p><a name=\"HIV.B.DE1\"> </a><a name=\"hcHIV.B.DE1\"> </a><a name=\"hcHIV.B.DE1-en-US\"> </a><ul><li>Include these codes as defined in <a href=\"CodeSystem-HIVConcepts.html\"><code>http://smart.who.int/hiv/CodeSystem/HIVConcepts</code></a><table class=\"none\"><tr><td style=\"white-space:nowrap\"><b>Code</b></td><td><b>Display</b></td><td><b>Definition</b></td></tr><tr><td><a href=\"CodeSystem-HIVConcepts.html#HIVConcepts-HIV.46B.46DE2\">HIV.B.DE2</a></td><td>First-time HIV test</td><td>First encounter for screening for human immunodeficiency virus</td></tr><tr><td><a href=\"CodeSystem-HIVConcepts.html#HIVConcepts-HIV.46B.46DE3\">HIV.B.DE3</a></td><td>Retesting for HIV</td><td>Retesting for human immunodeficiency virus</td></tr><tr><td><a href=\"CodeSystem-HIVConcepts.html#HIVConcepts-HIV.46B.46DE4\">HIV.B.DE4</a></td><td>HIV testing services visit</td><td>Client attending facility for HIV testing services visit</td></tr></table></li></ul></div>"
  },
  "url" : "http://smart.who.int/hiv/ValueSet/HIV.B.DE1",
  "version" : "0.1.0",
  "name" : "HIVBDE1",
  "title" : "Reason for visit ValueSet",
  "status" : "active",
  "experimental" : true,
  "date" : "2024-06-29T17:44:13+00:00",
  "publisher" : "WHO",
  "contact" : [{
    "name" : "WHO",
    "telecom" : [{
      "system" : "url",
      "value" : "http://who.int"
    }]
  }],
  "description" : "Value set of reason for HIV testing services visit",
  "compose" : {
    "include" : [{
      "system" : "http://smart.who.int/hiv/CodeSystem/HIVConcepts",
      "concept" : [{
        "code" : "HIV.B.DE2",
        "display" : "First-time HIV test"
      },
      {
        "code" : "HIV.B.DE3",
        "display" : "Retesting for HIV"
      },
      {
        "code" : "HIV.B.DE4",
        "display" : "HIV testing services visit"
      }]
    }]
  }
}