{
  "resourceType" : "ValueSet",
  "id" : "HIV.D.DE1028",
  "meta" : {
    "profile" : ["http://hl7.org/fhir/uv/crmi/StructureDefinition/crmi-shareablevalueset",
    "http://hl7.org/fhir/uv/crmi/StructureDefinition/crmi-publishablevalueset",
    "http://hl7.org/fhir/uv/crmi/StructureDefinition/crmi-computablevalueset"]
  },
  "text" : {
    "status" : "extensions",
    "div" : "<div xmlns=\"http://www.w3.org/1999/xhtml\"><p class=\"res-header-id\"><b>Generated Narrative: ValueSet HIV.D.DE1028</b></p><a name=\"HIV.D.DE1028\"> </a><a name=\"hcHIV.D.DE1028\"> </a><a name=\"hcHIV.D.DE1028-en-US\"> </a><ul><li>Include these codes as defined in <a href=\"CodeSystem-HIVConcepts.html\"><code>http://smart.who.int/hiv/CodeSystem/HIVConcepts</code></a><table class=\"none\"><tr><td style=\"white-space:nowrap\"><b>Code</b></td><td><b>Display</b></td><td><b>Definition</b></td></tr><tr><td><a href=\"CodeSystem-HIVConcepts.html#HIVConcepts-HIV.46D.46DE1029\">HIV.D.DE1029</a></td><td>3HP</td><td>The client's current TPT regimen is 3HP</td></tr><tr><td><a href=\"CodeSystem-HIVConcepts.html#HIVConcepts-HIV.46D.46DE1030\">HIV.D.DE1030</a></td><td>1HP</td><td>The client's current TPT regimen is 1HP</td></tr><tr><td><a href=\"CodeSystem-HIVConcepts.html#HIVConcepts-HIV.46D.46DE1031\">HIV.D.DE1031</a></td><td>6H</td><td>The client's current TPT regimen is 6H</td></tr><tr><td><a href=\"CodeSystem-HIVConcepts.html#HIVConcepts-HIV.46D.46DE1032\">HIV.D.DE1032</a></td><td>Six months of levofloxacin daily</td><td>The client's current TPT regimen is six months of levofloxacin daily</td></tr><tr><td><a href=\"CodeSystem-HIVConcepts.html#HIVConcepts-HIV.46D.46DE1033\">HIV.D.DE1033</a></td><td>Other TB preventive treatment (TPT) regimen</td><td>The client's current TPT regimen is another regimen than those listed above</td></tr></table></li></ul></div>"
  },
  "url" : "http://smart.who.int/hiv/ValueSet/HIV.D.DE1028",
  "version" : "0.1.0",
  "name" : "HIVDDE1028",
  "title" : "TPT regimen type ValueSet",
  "status" : "active",
  "experimental" : true,
  "date" : "2024-06-29T18:14:02+00:00",
  "publisher" : "WHO",
  "contact" : [{
    "name" : "WHO",
    "telecom" : [{
      "system" : "url",
      "value" : "http://who.int"
    }]
  }],
  "description" : "Value set of type of TPT regimen the client is currently on",
  "compose" : {
    "include" : [{
      "system" : "http://smart.who.int/hiv/CodeSystem/HIVConcepts",
      "concept" : [{
        "code" : "HIV.D.DE1029",
        "display" : "3HP"
      },
      {
        "code" : "HIV.D.DE1030",
        "display" : "1HP"
      },
      {
        "code" : "HIV.D.DE1031",
        "display" : "6H"
      },
      {
        "code" : "HIV.D.DE1032",
        "display" : "Six months of levofloxacin daily"
      },
      {
        "code" : "HIV.D.DE1033",
        "display" : "Other TB preventive treatment (TPT) regimen"
      }]
    }]
  }
}