{
  "resourceType" : "ValueSet",
  "id" : "HIV.D.DE1019",
  "meta" : {
    "profile" : ["http://hl7.org/fhir/uv/crmi/StructureDefinition/crmi-shareablevalueset",
    "http://hl7.org/fhir/uv/crmi/StructureDefinition/crmi-publishablevalueset",
    "http://hl7.org/fhir/uv/crmi/StructureDefinition/crmi-computablevalueset"]
  },
  "text" : {
    "status" : "extensions",
    "div" : "<div xmlns=\"http://www.w3.org/1999/xhtml\"><p class=\"res-header-id\"><b>Generated Narrative: ValueSet HIV.D.DE1019</b></p><a name=\"HIV.D.DE1019\"> </a><a name=\"hcHIV.D.DE1019\"> </a><a name=\"hcHIV.D.DE1019-en-US\"> </a><ul><li>Include these codes as defined in <a href=\"CodeSystem-HIVConcepts.html\"><code>http://smart.who.int/hiv/CodeSystem/HIVConcepts</code></a><table class=\"none\"><tr><td style=\"white-space:nowrap\"><b>Code</b></td><td><b>Display</b></td><td><b>Definition</b></td></tr><tr><td><a href=\"CodeSystem-HIVConcepts.html#HIVConcepts-HIV.46D.46DE1020\">HIV.D.DE1020</a></td><td>Symptomatic for TB</td><td>Signs or symptoms of tuberculosis (TB) without laboratory confirmation</td></tr><tr><td><a href=\"CodeSystem-HIVConcepts.html#HIVConcepts-HIV.46D.46DE1021\">HIV.D.DE1021</a></td><td>Diagnosed TB</td><td>Laboratory confirmed tuberculosis (TB) diagnosis</td></tr><tr><td><a href=\"CodeSystem-HIVConcepts.html#HIVConcepts-HIV.46D.46DE1022\">HIV.D.DE1022</a></td><td/><td>Client has no signs or symptoms of tuberculosis (TB) and is not diagnosed with tuberculosis (TB)</td></tr></table></li></ul></div>"
  },
  "url" : "http://smart.who.int/hiv/ValueSet/HIV.D.DE1019",
  "version" : "0.1.0",
  "name" : "HIVDDE1019",
  "title" : "TB status at ART start ValueSet",
  "status" : "active",
  "experimental" : true,
  "date" : "2024-06-29T17:44:13+00:00",
  "publisher" : "WHO",
  "contact" : [{
    "name" : "WHO",
    "telecom" : [{
      "system" : "url",
      "value" : "http://who.int"
    }]
  }],
  "description" : "Value set of client's tuberculosis (TB) status when antiretroviral therapy (ART) is started",
  "compose" : {
    "include" : [{
      "system" : "http://smart.who.int/hiv/CodeSystem/HIVConcepts",
      "concept" : [{
        "code" : "HIV.D.DE1020",
        "display" : "Symptomatic for TB"
      },
      {
        "code" : "HIV.D.DE1021",
        "display" : "Diagnosed TB"
      },
      {
        "code" : "HIV.D.DE1022"
      }]
    }]
  }
}