{
  "resourceType" : "ValueSet",
  "id" : "HIV.E.DE230",
  "meta" : {
    "profile" : ["http://hl7.org/fhir/uv/crmi/StructureDefinition/crmi-shareablevalueset",
    "http://hl7.org/fhir/uv/crmi/StructureDefinition/crmi-publishablevalueset",
    "http://hl7.org/fhir/uv/crmi/StructureDefinition/crmi-computablevalueset"]
  },
  "text" : {
    "status" : "extensions",
    "div" : "<div xmlns=\"http://www.w3.org/1999/xhtml\"><p class=\"res-header-id\"><b>Generated Narrative: ValueSet HIV.E.DE230</b></p><a name=\"HIV.E.DE230\"> </a><a name=\"hcHIV.E.DE230\"> </a><a name=\"hcHIV.E.DE230-en-US\"> </a><ul><li>Include these codes as defined in <a href=\"CodeSystem-HIVConcepts.html\"><code>http://smart.who.int/hiv/CodeSystem/HIVConcepts</code></a><table class=\"none\"><tr><td style=\"white-space:nowrap\"><b>Code</b></td><td><b>Display</b></td><td><b>Definition</b></td></tr><tr><td><a href=\"CodeSystem-HIVConcepts.html#HIVConcepts-HIV.46E.46DE231\">HIV.E.DE231</a></td><td>HIV-positive</td><td>The infant is HIV-positive</td></tr><tr><td><a href=\"CodeSystem-HIVConcepts.html#HIVConcepts-HIV.46E.46DE232\">HIV.E.DE232</a></td><td>HIV-negative and no longer breastfeeding</td><td>The infant is HIV-negative and the mother has quit breastfeeding</td></tr><tr><td><a href=\"CodeSystem-HIVConcepts.html#HIVConcepts-HIV.46E.46DE233\">HIV.E.DE233</a></td><td>HIV status unknown</td><td>The final HIV status of the child is unknown because the infant died, was lost to follow-up or transferred out without ever having an HIV-positive diagnosis or is active in care but was not tested at 18 months</td></tr></table></li></ul></div>"
  },
  "url" : "http://smart.who.int/hiv/ValueSet/HIV.E.DE230",
  "version" : "0.1.0",
  "name" : "HIVEDE230",
  "title" : "Final diagnosis of HIV-exposed infant ValueSet",
  "status" : "active",
  "experimental" : true,
  "date" : "2024-06-29T18:14:02+00:00",
  "publisher" : "WHO",
  "contact" : [{
    "name" : "WHO",
    "telecom" : [{
      "system" : "url",
      "value" : "http://who.int"
    }]
  }],
  "description" : "Value set of HIV-exposed infant final status at 18 months or 3 months after cessation of breastfeeding (whichever is later).",
  "compose" : {
    "include" : [{
      "system" : "http://smart.who.int/hiv/CodeSystem/HIVConcepts",
      "concept" : [{
        "code" : "HIV.E.DE231",
        "display" : "HIV-positive"
      },
      {
        "code" : "HIV.E.DE232",
        "display" : "HIV-negative and no longer breastfeeding"
      },
      {
        "code" : "HIV.E.DE233",
        "display" : "HIV status unknown"
      }]
    }]
  }
}