{
  "resourceType" : "ValueSet",
  "id" : "HIV.G.DE51",
  "meta" : {
    "profile" : ["http://hl7.org/fhir/uv/crmi/StructureDefinition/crmi-shareablevalueset",
    "http://hl7.org/fhir/uv/crmi/StructureDefinition/crmi-publishablevalueset",
    "http://hl7.org/fhir/uv/crmi/StructureDefinition/crmi-computablevalueset"]
  },
  "text" : {
    "status" : "extensions",
    "div" : "<div xmlns=\"http://www.w3.org/1999/xhtml\"><p class=\"res-header-id\"><b>Generated Narrative: ValueSet HIV.G.DE51</b></p><a name=\"HIV.G.DE51\"> </a><a name=\"hcHIV.G.DE51\"> </a><a name=\"hcHIV.G.DE51-en-US\"> </a><ul><li>Include these codes as defined in <a href=\"CodeSystem-HIVConcepts.html\"><code>http://smart.who.int/hiv/CodeSystem/HIVConcepts</code></a><table class=\"none\"><tr><td style=\"white-space:nowrap\"><b>Code</b></td><td><b>Display</b></td><td><b>Definition</b></td></tr><tr><td><a href=\"CodeSystem-HIVConcepts.html#HIVConcepts-HIV.46G.46DE52\">HIV.G.DE52</a></td><td>Hepatitis C positive</td><td>Client is positive for hepatitis C</td></tr><tr><td><a href=\"CodeSystem-HIVConcepts.html#HIVConcepts-HIV.46G.46DE53\">HIV.G.DE53</a></td><td>Hepatitis C negative</td><td>Client is negative for hepatitis C</td></tr></table></li></ul></div>"
  },
  "url" : "http://smart.who.int/hiv/ValueSet/HIV.G.DE51",
  "version" : "0.1.0",
  "name" : "HIVGDE51",
  "title" : "Hepatitis C diagnosis ValueSet",
  "status" : "active",
  "experimental" : true,
  "date" : "2024-06-29T18:14:02+00:00",
  "publisher" : "WHO",
  "contact" : [{
    "name" : "WHO",
    "telecom" : [{
      "system" : "url",
      "value" : "http://who.int"
    }]
  }],
  "description" : "Value set of client's hepatitis C diagnosis",
  "compose" : {
    "include" : [{
      "system" : "http://smart.who.int/hiv/CodeSystem/HIVConcepts",
      "concept" : [{
        "code" : "HIV.G.DE52",
        "display" : "Hepatitis C positive"
      },
      {
        "code" : "HIV.G.DE53",
        "display" : "Hepatitis C negative"
      }]
    }]
  }
}