{
  "resourceType" : "ValueSet",
  "id" : "HIV.E.DE62",
  "meta" : {
    "profile" : ["http://hl7.org/fhir/uv/crmi/StructureDefinition/crmi-shareablevalueset",
    "http://hl7.org/fhir/uv/crmi/StructureDefinition/crmi-publishablevalueset",
    "http://hl7.org/fhir/uv/crmi/StructureDefinition/crmi-computablevalueset"]
  },
  "text" : {
    "status" : "extensions",
    "div" : "<div xmlns=\"http://www.w3.org/1999/xhtml\"><p class=\"res-header-id\"><b>Generated Narrative: ValueSet HIV.E.DE62</b></p><a name=\"HIV.E.DE62\"> </a><a name=\"hcHIV.E.DE62\"> </a><a name=\"hcHIV.E.DE62-en-US\"> </a><ul><li>Include these codes as defined in <a href=\"CodeSystem-HIVConcepts.html\"><code>http://smart.who.int/hiv/CodeSystem/HIVConcepts</code></a><table class=\"none\"><tr><td style=\"white-space:nowrap\"><b>Code</b></td><td><b>Display</b></td><td><b>Definition</b></td></tr><tr><td><a href=\"CodeSystem-HIVConcepts.html#HIVConcepts-HIV.46E.46DE63\">HIV.E.DE63</a></td><td>Not preterm</td><td>The birth was not preterm</td></tr><tr><td><a href=\"CodeSystem-HIVConcepts.html#HIVConcepts-HIV.46E.46DE64\">HIV.E.DE64</a></td><td>Preterm (&lt;37 weeks gestation)</td><td>Gestational age at birth was &lt;37 weeks</td></tr><tr><td><a href=\"CodeSystem-HIVConcepts.html#HIVConcepts-HIV.46E.46DE65\">HIV.E.DE65</a></td><td>Very preterm (&lt;32 weeks gestation)</td><td>Gestational age at birth was &lt;32 weeks</td></tr></table></li></ul></div>"
  },
  "url" : "http://smart.who.int/hiv/ValueSet/HIV.E.DE62",
  "version" : "0.1.0",
  "name" : "HIVEDE62",
  "title" : "Preterm birth status ValueSet",
  "status" : "active",
  "experimental" : true,
  "date" : "2024-06-29T17:44:13+00:00",
  "publisher" : "WHO",
  "contact" : [{
    "name" : "WHO",
    "telecom" : [{
      "system" : "url",
      "value" : "http://who.int"
    }]
  }],
  "description" : "Value set of the woman gave birth when the gestational age is less than 37 weeks",
  "compose" : {
    "include" : [{
      "system" : "http://smart.who.int/hiv/CodeSystem/HIVConcepts",
      "concept" : [{
        "code" : "HIV.E.DE63",
        "display" : "Not preterm"
      },
      {
        "code" : "HIV.E.DE64",
        "display" : "Preterm (<37 weeks gestation)"
      },
      {
        "code" : "HIV.E.DE65",
        "display" : "Very preterm (<32 weeks gestation)"
      }]
    }]
  }
}