{
  "resourceType" : "ValueSet",
  "id" : "HIV.B.DE149",
  "meta" : {
    "profile" : ["http://hl7.org/fhir/uv/crmi/StructureDefinition/crmi-shareablevalueset",
    "http://hl7.org/fhir/uv/crmi/StructureDefinition/crmi-publishablevalueset",
    "http://hl7.org/fhir/uv/crmi/StructureDefinition/crmi-computablevalueset"]
  },
  "text" : {
    "status" : "extensions",
    "div" : "<div xmlns=\"http://www.w3.org/1999/xhtml\"><p class=\"res-header-id\"><b>Generated Narrative: ValueSet HIV.B.DE149</b></p><a name=\"HIV.B.DE149\"> </a><a name=\"hcHIV.B.DE149\"> </a><a name=\"hcHIV.B.DE149-en-US\"> </a><ul><li>Include these codes as defined in <a href=\"CodeSystem-HIVConcepts.html\"><code>http://smart.who.int/hiv/CodeSystem/HIVConcepts</code></a><table class=\"none\"><tr><td style=\"white-space:nowrap\"><b>Code</b></td><td><b>Display</b></td><td><b>Definition</b></td></tr><tr><td><a href=\"CodeSystem-HIVConcepts.html#HIVConcepts-HIV.46B.46DE150\">HIV.B.DE150</a></td><td>Offer male and female condoms and condom-compatible lubricants</td><td>Offer male and female condoms and condom-compatible lubricants</td></tr><tr><td><a href=\"CodeSystem-HIVConcepts.html#HIVConcepts-HIV.46B.46DE151\">HIV.B.DE151</a></td><td>Offer pre-exposure prophylaxis (PrEP) for people at elevated risk for HIV acquisition</td><td>Offer pre-exposure prophylaxis (PrEP) to people with substantial ongoing risk of HIV infection</td></tr><tr><td><a href=\"CodeSystem-HIVConcepts.html#HIVConcepts-HIV.46B.46DE152\">HIV.B.DE152</a></td><td>Offer post-exposure prophylaxis (PEP) following suspected exposure</td><td>Offer or refer client for PEP following suspected exposure</td></tr><tr><td><a href=\"CodeSystem-HIVConcepts.html#HIVConcepts-HIV.46B.46DE153\">HIV.B.DE153</a></td><td>Voluntary medical male circumcision (VMMC)</td><td>Offer referral for VMMC services</td></tr><tr><td><a href=\"CodeSystem-HIVConcepts.html#HIVConcepts-HIV.46B.46DE154\">HIV.B.DE154</a></td><td>Harm reduction for people who inject drugs</td><td>Offer or refer to harm reduction services for people who inject drugs (needle and syringe programmes, opioid substitution therapy, other drug-dependence treatment and opioid overdose prevention and management)</td></tr><tr><td><a href=\"CodeSystem-HIVConcepts.html#HIVConcepts-HIV.46B.46DE155\">HIV.B.DE155</a></td><td>Behavioural interventions to support risk reduction, particularly for people with HIV and members of key populations</td><td>Offer or refer to behavioural interventions to support risk reduction, particularly for people with HIV and members of key populations</td></tr><tr><td><a href=\"CodeSystem-HIVConcepts.html#HIVConcepts-HIV.46B.46DE156\">HIV.B.DE156</a></td><td>HIV testing for partners and biological children</td><td>Offer voluntary testing for all partners and biological children of positive cases (includes partner services and index case testing), as welll as partners and social contacts of people from key populations, where appropriate</td></tr><tr><td><a href=\"CodeSystem-HIVConcepts.html#HIVConcepts-HIV.46B.46DE157\">HIV.B.DE157</a></td><td>HIV testing for partners and social contacts of people from key populations, where appropriate</td><td>Offer voluntary testing for partners and social contacts of people from key populations, where appropriate</td></tr></table></li></ul></div>"
  },
  "url" : "http://smart.who.int/hiv/ValueSet/HIV.B.DE149",
  "version" : "0.1.0",
  "name" : "HIVBDE149",
  "title" : "Prevention services offered and referrals ValueSet",
  "status" : "active",
  "experimental" : true,
  "date" : "2024-06-29T18:14:02+00:00",
  "publisher" : "WHO",
  "contact" : [{
    "name" : "WHO",
    "telecom" : [{
      "system" : "url",
      "value" : "http://who.int"
    }]
  }],
  "description" : "Value set of offer or refer to prevention services",
  "compose" : {
    "include" : [{
      "system" : "http://smart.who.int/hiv/CodeSystem/HIVConcepts",
      "concept" : [{
        "code" : "HIV.B.DE150",
        "display" : "Offer male and female condoms and condom-compatible lubricants"
      },
      {
        "code" : "HIV.B.DE151",
        "display" : "Offer pre-exposure prophylaxis (PrEP) for people at elevated risk for HIV acquisition"
      },
      {
        "code" : "HIV.B.DE152",
        "display" : "Offer post-exposure prophylaxis (PEP) following suspected exposure"
      },
      {
        "code" : "HIV.B.DE153",
        "display" : "Voluntary medical male circumcision (VMMC)"
      },
      {
        "code" : "HIV.B.DE154",
        "display" : "Harm reduction for people who inject drugs"
      },
      {
        "code" : "HIV.B.DE155",
        "display" : "Behavioural interventions to support risk reduction, particularly for people with HIV and members of key populations"
      },
      {
        "code" : "HIV.B.DE156",
        "display" : "HIV testing for partners and biological children"
      },
      {
        "code" : "HIV.B.DE157",
        "display" : "HIV testing for partners and social contacts of people from key populations, where appropriate"
      }]
    }]
  }
}