{
  "resourceType" : "ValueSet",
  "id" : "HIV.A.DE18",
  "meta" : {
    "profile" : ["http://hl7.org/fhir/uv/crmi/StructureDefinition/crmi-shareablevalueset",
    "http://hl7.org/fhir/uv/crmi/StructureDefinition/crmi-publishablevalueset",
    "http://hl7.org/fhir/uv/crmi/StructureDefinition/crmi-computablevalueset"]
  },
  "text" : {
    "status" : "extensions",
    "div" : "<div xmlns=\"http://www.w3.org/1999/xhtml\"><p class=\"res-header-id\"><b>Generated Narrative: ValueSet HIV.A.DE18</b></p><a name=\"HIV.A.DE18\"> </a><a name=\"hcHIV.A.DE18\"> </a><a name=\"hcHIV.A.DE18-en-US\"> </a><ul><li>Include these codes as defined in <a href=\"CodeSystem-HIVConcepts.html\"><code>http://smart.who.int/hiv/CodeSystem/HIVConcepts</code></a><table class=\"none\"><tr><td style=\"white-space:nowrap\"><b>Code</b></td><td><b>Display</b></td><td><b>Definition</b></td></tr><tr><td><a href=\"CodeSystem-HIVConcepts.html#HIVConcepts-HIV.46A.46DE19\">HIV.A.DE19</a></td><td>Female</td><td>Client identifies as female</td></tr><tr><td><a href=\"CodeSystem-HIVConcepts.html#HIVConcepts-HIV.46A.46DE20\">HIV.A.DE20</a></td><td>Male</td><td>Client identifies as male</td></tr><tr><td><a href=\"CodeSystem-HIVConcepts.html#HIVConcepts-HIV.46A.46DE21\">HIV.A.DE21</a></td><td>Transgender male</td><td>Client identifies as transgender male</td></tr><tr><td><a href=\"CodeSystem-HIVConcepts.html#HIVConcepts-HIV.46A.46DE22\">HIV.A.DE22</a></td><td>Transgender female</td><td>Client identifies as transgender female</td></tr><tr><td><a href=\"CodeSystem-HIVConcepts.html#HIVConcepts-HIV.46A.46DE23\">HIV.A.DE23</a></td><td>Other</td><td>Additional category</td></tr></table></li></ul></div>"
  },
  "url" : "http://smart.who.int/hiv/ValueSet/HIV.A.DE18",
  "version" : "0.1.0",
  "name" : "HIVADE18",
  "title" : "Gender ValueSet",
  "status" : "active",
  "experimental" : true,
  "date" : "2024-06-29T18:14:02+00:00",
  "publisher" : "WHO",
  "contact" : [{
    "name" : "WHO",
    "telecom" : [{
      "system" : "url",
      "value" : "http://who.int"
    }]
  }],
  "description" : "Value set of gender of the client",
  "compose" : {
    "include" : [{
      "system" : "http://smart.who.int/hiv/CodeSystem/HIVConcepts",
      "concept" : [{
        "code" : "HIV.A.DE19",
        "display" : "Female"
      },
      {
        "code" : "HIV.A.DE20",
        "display" : "Male"
      },
      {
        "code" : "HIV.A.DE21",
        "display" : "Transgender male"
      },
      {
        "code" : "HIV.A.DE22",
        "display" : "Transgender female"
      },
      {
        "code" : "HIV.A.DE23",
        "display" : "Other"
      }]
    }]
  }
}