{
  "resourceType" : "ValueSet",
  "id" : "HIV.D.DE186",
  "meta" : {
    "profile" : ["http://hl7.org/fhir/uv/crmi/StructureDefinition/crmi-shareablevalueset",
    "http://hl7.org/fhir/uv/crmi/StructureDefinition/crmi-publishablevalueset",
    "http://hl7.org/fhir/uv/crmi/StructureDefinition/crmi-computablevalueset"]
  },
  "text" : {
    "status" : "extensions",
    "div" : "<div xmlns=\"http://www.w3.org/1999/xhtml\"><p class=\"res-header-id\"><b>Generated Narrative: ValueSet HIV.D.DE186</b></p><a name=\"HIV.D.DE186\"> </a><a name=\"hcHIV.D.DE186\"> </a><a name=\"hcHIV.D.DE186-en-US\"> </a><ul><li>Include these codes as defined in <a href=\"CodeSystem-HIVConcepts.html\"><code>http://smart.who.int/hiv/CodeSystem/HIVConcepts</code></a><table class=\"none\"><tr><td style=\"white-space:nowrap\"><b>Code</b></td><td><b>Display</b></td><td><b>Definition</b></td></tr><tr><td><a href=\"CodeSystem-HIVConcepts.html#HIVConcepts-HIV.46D.46DE187\">HIV.D.DE187</a></td><td>WHO HIV clinical stage 1</td><td>Client is currently assessed to be at a clinical stage 1, based on clinical assessment and diagnostics</td></tr><tr><td><a href=\"CodeSystem-HIVConcepts.html#HIVConcepts-HIV.46D.46DE188\">HIV.D.DE188</a></td><td>WHO HIV clinical stage 2</td><td>Client is currently assessed to be at a clinical stage 2, based on clinical assessment and diagnostics</td></tr><tr><td><a href=\"CodeSystem-HIVConcepts.html#HIVConcepts-HIV.46D.46DE189\">HIV.D.DE189</a></td><td>WHO HIV clinical stage 3</td><td>Client is currently assessed to be at a clinical stage 3, based on clinical assessment and diagnostics</td></tr><tr><td><a href=\"CodeSystem-HIVConcepts.html#HIVConcepts-HIV.46D.46DE190\">HIV.D.DE190</a></td><td>WHO HIV clinical stage 4</td><td>Client is currently assessed to be at a clinical stage 4, based on clinical assessment and diagnostics</td></tr></table></li></ul></div>"
  },
  "url" : "http://smart.who.int/hiv/ValueSet/HIV.D.DE186",
  "version" : "0.1.0",
  "name" : "HIVDDE186",
  "title" : "HIV clinical stage ValueSet",
  "status" : "active",
  "experimental" : true,
  "date" : "2024-06-29T18:14:02+00:00",
  "publisher" : "WHO",
  "contact" : [{
    "name" : "WHO",
    "telecom" : [{
      "system" : "url",
      "value" : "http://who.int"
    }]
  }],
  "description" : "Value set of wHO clinical stage of client based on signs and symptoms. WHO clinical staging is a way to categorize HIV disease severity based on new or recurrent clinical events. There are 4 WHO clinical stages that range from mild symptoms (WHO clinical stage 1) to severe symptoms (WHO clinical stage 4).",
  "compose" : {
    "include" : [{
      "system" : "http://smart.who.int/hiv/CodeSystem/HIVConcepts",
      "concept" : [{
        "code" : "HIV.D.DE187",
        "display" : "WHO HIV clinical stage 1"
      },
      {
        "code" : "HIV.D.DE188",
        "display" : "WHO HIV clinical stage 2"
      },
      {
        "code" : "HIV.D.DE189",
        "display" : "WHO HIV clinical stage 3"
      },
      {
        "code" : "HIV.D.DE190",
        "display" : "WHO HIV clinical stage 4"
      }]
    }]
  }
}