{
  "resourceType" : "ValueSet",
  "id" : "HIV.H.DE41",
  "meta" : {
    "profile" : ["http://hl7.org/fhir/uv/crmi/StructureDefinition/crmi-shareablevalueset",
    "http://hl7.org/fhir/uv/crmi/StructureDefinition/crmi-publishablevalueset",
    "http://hl7.org/fhir/uv/crmi/StructureDefinition/crmi-computablevalueset"]
  },
  "text" : {
    "status" : "extensions",
    "div" : "<div xmlns=\"http://www.w3.org/1999/xhtml\"><p class=\"res-header-id\"><b>Generated Narrative: ValueSet HIV.H.DE41</b></p><a name=\"HIV.H.DE41\"> </a><a name=\"hcHIV.H.DE41\"> </a><a name=\"hcHIV.H.DE41-en-US\"> </a><ul><li>Include these codes as defined in <a href=\"CodeSystem-HIVConcepts.html\"><code>http://smart.who.int/hiv/CodeSystem/HIVConcepts</code></a><table class=\"none\"><tr><td style=\"white-space:nowrap\"><b>Code</b></td><td><b>Display</b></td><td><b>Definition</b></td></tr><tr><td><a href=\"CodeSystem-HIVConcepts.html#HIVConcepts-HIV.46H.46DE42\">HIV.H.DE42</a></td><td>Lost to follow-up</td><td>Twenty-eight days or more since last missed appointment </td></tr><tr><td><a href=\"CodeSystem-HIVConcepts.html#HIVConcepts-HIV.46H.46DE43\">HIV.H.DE43</a></td><td>Transferred out</td><td>The client transferred to another facility</td></tr><tr><td><a href=\"CodeSystem-HIVConcepts.html#HIVConcepts-HIV.46H.46DE44\">HIV.H.DE44</a></td><td>Death (documented)</td><td>People living with HIV previously on ART who are confirmed to have died from any cause</td></tr><tr><td><a href=\"CodeSystem-HIVConcepts.html#HIVConcepts-HIV.46H.46DE45\">HIV.H.DE45</a></td><td>Refused (stopped) treatment</td><td>Client was contacted and confirmed to have stopped ART (reasons may include stigma and discrimination, faith healing, etc.)</td></tr></table></li></ul></div>"
  },
  "url" : "http://smart.who.int/hiv/ValueSet/HIV.H.DE41",
  "version" : "0.1.0",
  "name" : "HIVHDE41",
  "title" : "HIV treatment outcome ValueSet",
  "status" : "active",
  "experimental" : true,
  "date" : "2024-06-29T18:14:02+00:00",
  "publisher" : "WHO",
  "contact" : [{
    "name" : "WHO",
    "telecom" : [{
      "system" : "url",
      "value" : "http://who.int"
    }]
  }],
  "description" : "Value set of the outcome for the client which is used for reporting retention/attrition.",
  "compose" : {
    "include" : [{
      "system" : "http://smart.who.int/hiv/CodeSystem/HIVConcepts",
      "concept" : [{
        "code" : "HIV.H.DE42",
        "display" : "Lost to follow-up"
      },
      {
        "code" : "HIV.H.DE43",
        "display" : "Transferred out"
      },
      {
        "code" : "HIV.H.DE44",
        "display" : "Death (documented)"
      },
      {
        "code" : "HIV.H.DE45",
        "display" : "Refused (stopped) treatment"
      }]
    }]
  }
}