{
  "resourceType" : "ValueSet",
  "id" : "HIV.E.DE259",
  "meta" : {
    "profile" : ["http://hl7.org/fhir/uv/crmi/StructureDefinition/crmi-shareablevalueset",
    "http://hl7.org/fhir/uv/crmi/StructureDefinition/crmi-publishablevalueset",
    "http://hl7.org/fhir/uv/crmi/StructureDefinition/crmi-computablevalueset"]
  },
  "text" : {
    "status" : "extensions",
    "div" : "<div xmlns=\"http://www.w3.org/1999/xhtml\"><p class=\"res-header-id\"><b>Generated Narrative: ValueSet HIV.E.DE259</b></p><a name=\"HIV.E.DE259\"> </a><a name=\"hcHIV.E.DE259\"> </a><a name=\"hcHIV.E.DE259-en-US\"> </a><ul><li>Include these codes as defined in <a href=\"CodeSystem-HIVConcepts.html\"><code>http://smart.who.int/hiv/CodeSystem/HIVConcepts</code></a><table class=\"none\"><tr><td style=\"white-space:nowrap\"><b>Code</b></td><td><b>Display</b></td><td><b>Definition</b></td></tr><tr><td><a href=\"CodeSystem-HIVConcepts.html#HIVConcepts-HIV.46E.46DE260\">HIV.E.DE260</a></td><td>0</td><td>Result of urine protein test of mother during ANC visit is '0'</td></tr><tr><td><a href=\"CodeSystem-HIVConcepts.html#HIVConcepts-HIV.46E.46DE261\">HIV.E.DE261</a></td><td>+</td><td>Result of urine protein test of mother during ANC visit is '+'</td></tr><tr><td><a href=\"CodeSystem-HIVConcepts.html#HIVConcepts-HIV.46E.46DE262\">HIV.E.DE262</a></td><td>++</td><td>Result of urine protein test of mother during ANC visit is '++'</td></tr><tr><td><a href=\"CodeSystem-HIVConcepts.html#HIVConcepts-HIV.46E.46DE263\">HIV.E.DE263</a></td><td>+++</td><td>Result of urine protein test of mother during ANC visit is '+++'</td></tr></table></li></ul></div>"
  },
  "url" : "http://smart.who.int/hiv/ValueSet/HIV.E.DE259",
  "version" : "0.1.0",
  "name" : "HIVEDE259",
  "title" : "Urine protein test result ValueSet",
  "status" : "active",
  "experimental" : true,
  "date" : "2024-06-29T18:14:02+00:00",
  "publisher" : "WHO",
  "contact" : [{
    "name" : "WHO",
    "telecom" : [{
      "system" : "url",
      "value" : "http://who.int"
    }]
  }],
  "description" : "Value set of results of urine protein test of mother during ANC visit",
  "compose" : {
    "include" : [{
      "system" : "http://smart.who.int/hiv/CodeSystem/HIVConcepts",
      "concept" : [{
        "code" : "HIV.E.DE260",
        "display" : "0"
      },
      {
        "code" : "HIV.E.DE261",
        "display" : "+"
      },
      {
        "code" : "HIV.E.DE262",
        "display" : "++"
      },
      {
        "code" : "HIV.E.DE263",
        "display" : "+++"
      }]
    }]
  }
}