{
  "resourceType" : "ValueSet",
  "id" : "HIV.Config.DE12",
  "meta" : {
    "profile" : ["http://hl7.org/fhir/uv/crmi/StructureDefinition/crmi-shareablevalueset",
    "http://hl7.org/fhir/uv/crmi/StructureDefinition/crmi-publishablevalueset",
    "http://hl7.org/fhir/uv/crmi/StructureDefinition/crmi-computablevalueset"]
  },
  "text" : {
    "status" : "extensions",
    "div" : "<div xmlns=\"http://www.w3.org/1999/xhtml\"><p class=\"res-header-id\"><b>Generated Narrative: ValueSet HIV.Config.DE12</b></p><a name=\"HIV.Config.DE12\"> </a><a name=\"hcHIV.Config.DE12\"> </a><a name=\"hcHIV.Config.DE12-en-US\"> </a><ul><li>Include these codes as defined in <a href=\"CodeSystem-HIVConcepts.html\"><code>http://smart.who.int/hiv/CodeSystem/HIVConcepts</code></a><table class=\"none\"><tr><td style=\"white-space:nowrap\"><b>Code</b></td><td><b>Display</b></td><td><b>Definition</b></td></tr><tr><td><a href=\"CodeSystem-HIVConcepts.html#HIVConcepts-HIV.46Config.46DE13\">HIV.Config.DE13</a></td><td>High HIV burden setting</td><td>Settings with &gt;5% national HIV prevalence and subpopulations and geographic settings where HIV prevalence and/or incidence is higher than nationally.</td></tr><tr><td><a href=\"CodeSystem-HIVConcepts.html#HIVConcepts-HIV.46Config.46DE14\">HIV.Config.DE14</a></td><td>Low HIV burden setting</td><td>Settings with &lt;5% HIV national prevalence but where certain populations (primarily key populations and their partners) and geographic settings may have higher HIV prevalence and/or incidence than nationally and, therefore, need priority in the HIV response</td></tr></table></li></ul></div>"
  },
  "url" : "http://smart.who.int/hiv/ValueSet/HIV.Config.DE12",
  "version" : "0.1.0",
  "name" : "HIVConfigDE12",
  "title" : "HIV burden of the setting ValueSet",
  "status" : "active",
  "experimental" : true,
  "date" : "2024-06-29T17:44:13+00:00",
  "publisher" : "WHO",
  "contact" : [{
    "name" : "WHO",
    "telecom" : [{
      "system" : "url",
      "value" : "http://who.int"
    }]
  }],
  "description" : "Value set of HIV burden of the setting (high or low) based on the national HIV prevalence or where the HIV prevalence and/or incidence in a geographical setting is higher than national prevalence and, therefore, needs priority in the HIV response",
  "compose" : {
    "include" : [{
      "system" : "http://smart.who.int/hiv/CodeSystem/HIVConcepts",
      "concept" : [{
        "code" : "HIV.Config.DE13",
        "display" : "High HIV burden setting"
      },
      {
        "code" : "HIV.Config.DE14",
        "display" : "Low HIV burden setting"
      }]
    }]
  }
}