{
  "resourceType" : "ValueSet",
  "id" : "HIV.D.DE821",
  "meta" : {
    "profile" : ["http://hl7.org/fhir/uv/crmi/StructureDefinition/crmi-shareablevalueset",
    "http://hl7.org/fhir/uv/crmi/StructureDefinition/crmi-publishablevalueset",
    "http://hl7.org/fhir/uv/crmi/StructureDefinition/crmi-computablevalueset"]
  },
  "text" : {
    "status" : "extensions",
    "div" : "<div xmlns=\"http://www.w3.org/1999/xhtml\"><p class=\"res-header-id\"><b>Generated Narrative: ValueSet HIV.D.DE821</b></p><a name=\"HIV.D.DE821\"> </a><a name=\"hcHIV.D.DE821\"> </a><a name=\"hcHIV.D.DE821-en-US\"> </a><ul><li>Include these codes as defined in <a href=\"CodeSystem-HIVConcepts.html\"><code>http://smart.who.int/hiv/CodeSystem/HIVConcepts</code></a><table class=\"none\"><tr><td style=\"white-space:nowrap\"><b>Code</b></td><td><b>Display</b></td><td><b>Definition</b></td></tr><tr><td><a href=\"CodeSystem-HIVConcepts.html#HIVConcepts-HIV.46D.46DE822\">HIV.D.DE822</a></td><td>Treponemal</td><td>Treponemal test used </td></tr><tr><td><a href=\"CodeSystem-HIVConcepts.html#HIVConcepts-HIV.46D.46DE823\">HIV.D.DE823</a></td><td>Non-treponemal</td><td>Non-treponemal test used</td></tr><tr><td><a href=\"CodeSystem-HIVConcepts.html#HIVConcepts-HIV.46D.46DE824\">HIV.D.DE824</a></td><td>POC Test</td><td>Point-of-care (POC) test used</td></tr><tr><td><a href=\"CodeSystem-HIVConcepts.html#HIVConcepts-HIV.46D.46DE825\">HIV.D.DE825</a></td><td>NAAT</td><td>Nucleic Acid Amplification Test (NAAT) used</td></tr><tr><td><a href=\"CodeSystem-HIVConcepts.html#HIVConcepts-HIV.46D.46DE826\">HIV.D.DE826</a></td><td>Other</td><td>Other test used</td></tr></table></li></ul></div>"
  },
  "url" : "http://smart.who.int/hiv/ValueSet/HIV.D.DE821",
  "version" : "0.1.0",
  "name" : "HIVDDE821",
  "title" : "Syphilis test type ValueSet",
  "status" : "active",
  "experimental" : true,
  "date" : "2024-06-29T18:14:02+00:00",
  "publisher" : "WHO",
  "contact" : [{
    "name" : "WHO",
    "telecom" : [{
      "system" : "url",
      "value" : "http://who.int"
    }]
  }],
  "description" : "Value set of type of diagnostic test used for syphilis (Treponema pallidum)",
  "compose" : {
    "include" : [{
      "system" : "http://smart.who.int/hiv/CodeSystem/HIVConcepts",
      "concept" : [{
        "code" : "HIV.D.DE822",
        "display" : "Treponemal"
      },
      {
        "code" : "HIV.D.DE823",
        "display" : "Non-treponemal"
      },
      {
        "code" : "HIV.D.DE824",
        "display" : "POC Test"
      },
      {
        "code" : "HIV.D.DE825",
        "display" : "NAAT"
      },
      {
        "code" : "HIV.D.DE826",
        "display" : "Other"
      }]
    }]
  }
}