{
  "resourceType" : "ValueSet",
  "id" : "HIV.D.DE992",
  "meta" : {
    "profile" : ["http://hl7.org/fhir/uv/crmi/StructureDefinition/crmi-shareablevalueset",
    "http://hl7.org/fhir/uv/crmi/StructureDefinition/crmi-publishablevalueset",
    "http://hl7.org/fhir/uv/crmi/StructureDefinition/crmi-computablevalueset"]
  },
  "text" : {
    "status" : "extensions",
    "div" : "<div xmlns=\"http://www.w3.org/1999/xhtml\"><p class=\"res-header-id\"><b>Generated Narrative: ValueSet HIV.D.DE992</b></p><a name=\"HIV.D.DE992\"> </a><a name=\"hcHIV.D.DE992\"> </a><a name=\"hcHIV.D.DE992-en-US\"> </a><ul><li>Include these codes as defined in <a href=\"CodeSystem-HIVConcepts.html\"><code>http://smart.who.int/hiv/CodeSystem/HIVConcepts</code></a><table class=\"none\"><tr><td style=\"white-space:nowrap\"><b>Code</b></td><td><b>Display</b></td><td><b>Definition</b></td></tr><tr><td><a href=\"CodeSystem-HIVConcepts.html#HIVConcepts-HIV.46D.46DE993\">HIV.D.DE993</a></td><td>LF-LAM</td><td>Client tested for tuberculosis with a lateral flow urine lipoarabinomannan assay</td></tr><tr><td><a href=\"CodeSystem-HIVConcepts.html#HIVConcepts-HIV.46D.46DE994\">HIV.D.DE994</a></td><td>mWRD test for TB</td><td>Client tested with a WHO-recommended molecular diagnostic test to detect Mycobacterium tuberculosis (MTB)</td></tr><tr><td><a href=\"CodeSystem-HIVConcepts.html#HIVConcepts-HIV.46D.46DE995\">HIV.D.DE995</a></td><td>Microscopy - Sputum acid-fast bacilli (AFB)</td><td>Client tested for tuberculosis with a sputum acid-fast bacilli (AFB)</td></tr><tr><td><a href=\"CodeSystem-HIVConcepts.html#HIVConcepts-HIV.46D.46DE996\">HIV.D.DE996</a></td><td>TB Culture</td><td>Client tested for tuberculosis (TB) with a culture</td></tr></table></li></ul></div>"
  },
  "url" : "http://smart.who.int/hiv/ValueSet/HIV.D.DE992",
  "version" : "0.1.0",
  "name" : "HIVDDE992",
  "title" : "TB diagnostic test category ValueSet",
  "status" : "active",
  "experimental" : true,
  "date" : "2024-06-29T18:14:02+00:00",
  "publisher" : "WHO",
  "contact" : [{
    "name" : "WHO",
    "telecom" : [{
      "system" : "url",
      "value" : "http://who.int"
    }]
  }],
  "description" : "Value set of the type of diagnostic test performed to detect tuberculosis (TB) disease",
  "compose" : {
    "include" : [{
      "system" : "http://smart.who.int/hiv/CodeSystem/HIVConcepts",
      "concept" : [{
        "code" : "HIV.D.DE993",
        "display" : "LF-LAM"
      },
      {
        "code" : "HIV.D.DE994",
        "display" : "mWRD test for TB"
      },
      {
        "code" : "HIV.D.DE995",
        "display" : "Microscopy - Sputum acid-fast bacilli (AFB)"
      },
      {
        "code" : "HIV.D.DE996",
        "display" : "TB Culture"
      }]
    }]
  }
}