{
  "resourceType" : "ValueSet",
  "id" : "HIV.A.DE46",
  "meta" : {
    "profile" : ["http://hl7.org/fhir/uv/crmi/StructureDefinition/crmi-shareablevalueset",
    "http://hl7.org/fhir/uv/crmi/StructureDefinition/crmi-publishablevalueset",
    "http://hl7.org/fhir/uv/crmi/StructureDefinition/crmi-computablevalueset"]
  },
  "text" : {
    "status" : "extensions",
    "div" : "<div xmlns=\"http://www.w3.org/1999/xhtml\"><p class=\"res-header-id\"><b>Generated Narrative: ValueSet HIV.A.DE46</b></p><a name=\"HIV.A.DE46\"> </a><a name=\"hcHIV.A.DE46\"> </a><a name=\"hcHIV.A.DE46-en-US\"> </a><ul><li>Include these codes as defined in <a href=\"CodeSystem-HIVConcepts.html\"><code>http://smart.who.int/hiv/CodeSystem/HIVConcepts</code></a><table class=\"none\"><tr><td style=\"white-space:nowrap\"><b>Code</b></td><td><b>Display</b></td><td><b>Definition</b></td></tr><tr><td><a href=\"CodeSystem-HIVConcepts.html#HIVConcepts-HIV.46A.46DE47\">HIV.A.DE47</a></td><td>Text message/SMS</td><td>The client would like to receive communications via Text message/SMS</td></tr><tr><td><a href=\"CodeSystem-HIVConcepts.html#HIVConcepts-HIV.46A.46DE48\">HIV.A.DE48</a></td><td>Voice call</td><td>Client would like to receive communications via voice call</td></tr></table></li></ul></div>"
  },
  "url" : "http://smart.who.int/hiv/ValueSet/HIV.A.DE46",
  "version" : "0.1.0",
  "name" : "HIVADE46",
  "title" : "Communication preference(s) ValueSet",
  "status" : "active",
  "experimental" : true,
  "date" : "2024-06-29T17:44:13+00:00",
  "publisher" : "WHO",
  "contact" : [{
    "name" : "WHO",
    "telecom" : [{
      "system" : "url",
      "value" : "http://who.int"
    }]
  }],
  "description" : "Value set of how the client would like to receive family planning communications",
  "compose" : {
    "include" : [{
      "system" : "http://smart.who.int/hiv/CodeSystem/HIVConcepts",
      "concept" : [{
        "code" : "HIV.A.DE47",
        "display" : "Text message/SMS"
      },
      {
        "code" : "HIV.A.DE48",
        "display" : "Voice call"
      }]
    }]
  }
}