{
  "resourceType" : "ValueSet",
  "id" : "HIV.B.DE179",
  "meta" : {
    "profile" : ["http://hl7.org/fhir/uv/crmi/StructureDefinition/crmi-shareablevalueset",
    "http://hl7.org/fhir/uv/crmi/StructureDefinition/crmi-publishablevalueset",
    "http://hl7.org/fhir/uv/crmi/StructureDefinition/crmi-computablevalueset"]
  },
  "text" : {
    "status" : "extensions",
    "div" : "<div xmlns=\"http://www.w3.org/1999/xhtml\"><p class=\"res-header-id\"><b>Generated Narrative: ValueSet HIV.B.DE179</b></p><a name=\"HIV.B.DE179\"> </a><a name=\"hcHIV.B.DE179\"> </a><a name=\"hcHIV.B.DE179-en-US\"> </a><ul><li>Include these codes as defined in <a href=\"CodeSystem-HIVConcepts.html\"><code>http://smart.who.int/hiv/CodeSystem/HIVConcepts</code></a><table class=\"none\"><tr><td style=\"white-space:nowrap\"><b>Code</b></td><td><b>Display</b></td><td><b>Definition</b></td></tr><tr><td><a href=\"CodeSystem-HIVConcepts.html#HIVConcepts-HIV.46B.46DE180\">HIV.B.DE180</a></td><td>Client received treatment and/or counselling as needed</td><td>Client received treatment and/or counselling as needed</td></tr><tr><td><a href=\"CodeSystem-HIVConcepts.html#HIVConcepts-HIV.46B.46DE181\">HIV.B.DE181</a></td><td>Client was referred</td><td>Client was referred to another provider/facility</td></tr><tr><td><a href=\"CodeSystem-HIVConcepts.html#HIVConcepts-HIV.46B.46DE182\">HIV.B.DE182</a></td><td>No action necessary</td><td>No additional action was deemed necessary</td></tr><tr><td><a href=\"CodeSystem-HIVConcepts.html#HIVConcepts-HIV.46B.46DE183\">HIV.B.DE183</a></td><td>Other IPV result</td><td>Other intimate partner violence (IPV) result not described above</td></tr></table></li></ul></div>"
  },
  "url" : "http://smart.who.int/hiv/ValueSet/HIV.B.DE179",
  "version" : "0.1.0",
  "name" : "HIVBDE179",
  "title" : "Intimate partner violence enquiry results ValueSet",
  "status" : "active",
  "experimental" : true,
  "date" : "2024-06-29T18:14:02+00:00",
  "publisher" : "WHO",
  "contact" : [{
    "name" : "WHO",
    "telecom" : [{
      "system" : "url",
      "value" : "http://who.int"
    }]
  }],
  "description" : "Value set of result of medical inquiry for intimate partner violence",
  "compose" : {
    "include" : [{
      "system" : "http://smart.who.int/hiv/CodeSystem/HIVConcepts",
      "concept" : [{
        "code" : "HIV.B.DE180",
        "display" : "Client received treatment and/or counselling as needed"
      },
      {
        "code" : "HIV.B.DE181",
        "display" : "Client was referred"
      },
      {
        "code" : "HIV.B.DE182",
        "display" : "No action necessary"
      },
      {
        "code" : "HIV.B.DE183",
        "display" : "Other IPV result"
      }]
    }]
  }
}