{
  "resourceType" : "ValueSet",
  "id" : "HIV.E.DE6",
  "meta" : {
    "profile" : ["http://hl7.org/fhir/uv/crmi/StructureDefinition/crmi-shareablevalueset",
    "http://hl7.org/fhir/uv/crmi/StructureDefinition/crmi-publishablevalueset",
    "http://hl7.org/fhir/uv/crmi/StructureDefinition/crmi-computablevalueset"]
  },
  "text" : {
    "status" : "extensions",
    "div" : "<div xmlns=\"http://www.w3.org/1999/xhtml\"><p class=\"res-header-id\"><b>Generated Narrative: ValueSet HIV.E.DE6</b></p><a name=\"HIV.E.DE6\"> </a><a name=\"hcHIV.E.DE6\"> </a><a name=\"hcHIV.E.DE6-en-US\"> </a><ul><li>Include these codes as defined in <a href=\"CodeSystem-HIVConcepts.html\"><code>http://smart.who.int/hiv/CodeSystem/HIVConcepts</code></a><table class=\"none\"><tr><td style=\"white-space:nowrap\"><b>Code</b></td><td><b>Display</b></td><td><b>Definition</b></td></tr><tr><td><a href=\"CodeSystem-HIVConcepts.html#HIVConcepts-HIV.46E.46DE7\">HIV.E.DE7</a></td><td>Last menstrual period (LMP)</td><td>Gestational age (GA) calculated from LMP</td></tr><tr><td><a href=\"CodeSystem-HIVConcepts.html#HIVConcepts-HIV.46E.46DE8\">HIV.E.DE8</a></td><td>Ultrasound</td><td>Woman's gestational age today calculated field using ultrasound GA and ultrasound date</td></tr><tr><td><a href=\"CodeSystem-HIVConcepts.html#HIVConcepts-HIV.46E.46DE9\">HIV.E.DE9</a></td><td>Symphysis fundal height (SFH) or abdominal palpation</td><td>If LMP is unknown and either ultrasound wasn't done or it wasn't done early enough, then show the option for health worker to enter GA in weeks based on Symphysis Fundal Height (SFH) or abdominal palpation.</td></tr></table></li></ul></div>"
  },
  "url" : "http://smart.who.int/hiv/ValueSet/HIV.E.DE6",
  "version" : "0.1.0",
  "name" : "HIVEDE6",
  "title" : "Source of gestational age ValueSet",
  "status" : "active",
  "experimental" : true,
  "date" : "2024-06-29T18:14:02+00:00",
  "publisher" : "WHO",
  "contact" : [{
    "name" : "WHO",
    "telecom" : [{
      "system" : "url",
      "value" : "http://who.int"
    }]
  }],
  "description" : "Value set of gestational age can be calculated multiple ways. This data element describes where the gestational age above has been calculated from.",
  "compose" : {
    "include" : [{
      "system" : "http://smart.who.int/hiv/CodeSystem/HIVConcepts",
      "concept" : [{
        "code" : "HIV.E.DE7",
        "display" : "Last menstrual period (LMP)"
      },
      {
        "code" : "HIV.E.DE8",
        "display" : "Ultrasound"
      },
      {
        "code" : "HIV.E.DE9",
        "display" : "Symphysis fundal height (SFH) or abdominal palpation"
      }]
    }]
  }
}