{
  "resourceType" : "ValueSet",
  "id" : "HIV.D.DE893",
  "meta" : {
    "profile" : ["http://hl7.org/fhir/uv/crmi/StructureDefinition/crmi-shareablevalueset",
    "http://hl7.org/fhir/uv/crmi/StructureDefinition/crmi-publishablevalueset",
    "http://hl7.org/fhir/uv/crmi/StructureDefinition/crmi-computablevalueset"]
  },
  "text" : {
    "status" : "extensions",
    "div" : "<div xmlns=\"http://www.w3.org/1999/xhtml\"><p class=\"res-header-id\"><b>Generated Narrative: ValueSet HIV.D.DE893</b></p><a name=\"HIV.D.DE893\"> </a><a name=\"hcHIV.D.DE893\"> </a><a name=\"hcHIV.D.DE893-en-US\"> </a><ul><li>Include these codes as defined in <a href=\"CodeSystem-HIVConcepts.html\"><code>http://smart.who.int/hiv/CodeSystem/HIVConcepts</code></a><table class=\"none\"><tr><td style=\"white-space:nowrap\"><b>Code</b></td><td><b>Display</b></td><td><b>Definition</b></td></tr><tr><td><a href=\"CodeSystem-HIVConcepts.html#HIVConcepts-HIV.46D.46DE894\">HIV.D.DE894</a></td><td>F0-4, fibrosis staging</td><td>Fibrosis staging of liver disease</td></tr><tr><td><a href=\"CodeSystem-HIVConcepts.html#HIVConcepts-HIV.46D.46DE895\">HIV.D.DE895</a></td><td>F4 or cirrhosis, presence of cirrhosis</td><td>Presence of cirrhosis</td></tr></table></li></ul></div>"
  },
  "url" : "http://smart.who.int/hiv/ValueSet/HIV.D.DE893",
  "version" : "0.1.0",
  "name" : "HIVDDE893",
  "title" : "Staging of liver disease ValueSet",
  "status" : "active",
  "experimental" : true,
  "date" : "2024-06-29T18:14:02+00:00",
  "publisher" : "WHO",
  "contact" : [{
    "name" : "WHO",
    "telecom" : [{
      "system" : "url",
      "value" : "http://who.int"
    }]
  }],
  "description" : "Value set of staging of liver disease in client",
  "compose" : {
    "include" : [{
      "system" : "http://smart.who.int/hiv/CodeSystem/HIVConcepts",
      "concept" : [{
        "code" : "HIV.D.DE894",
        "display" : "F0-4, fibrosis staging"
      },
      {
        "code" : "HIV.D.DE895",
        "display" : "F4 or cirrhosis, presence of cirrhosis"
      }]
    }]
  }
}