{
  "resourceType" : "ValueSet",
  "id" : "HIV.C.DE107",
  "meta" : {
    "profile" : ["http://hl7.org/fhir/uv/crmi/StructureDefinition/crmi-shareablevalueset",
    "http://hl7.org/fhir/uv/crmi/StructureDefinition/crmi-publishablevalueset",
    "http://hl7.org/fhir/uv/crmi/StructureDefinition/crmi-computablevalueset"]
  },
  "text" : {
    "status" : "extensions",
    "div" : "<div xmlns=\"http://www.w3.org/1999/xhtml\"><p class=\"res-header-id\"><b>Generated Narrative: ValueSet HIV.C.DE107</b></p><a name=\"HIV.C.DE107\"> </a><a name=\"hcHIV.C.DE107\"> </a><a name=\"hcHIV.C.DE107-en-US\"> </a><ul><li>Include these codes as defined in <a href=\"CodeSystem-HIVConcepts.html\"><code>http://smart.who.int/hiv/CodeSystem/HIVConcepts</code></a><table class=\"none\"><tr><td style=\"white-space:nowrap\"><b>Code</b></td><td><b>Display</b></td><td><b>Definition</b></td></tr><tr><td><a href=\"CodeSystem-HIVConcepts.html#HIVConcepts-HIV.46C.46DE108\">HIV.C.DE108</a></td><td>Male</td><td>Male client</td></tr><tr><td><a href=\"CodeSystem-HIVConcepts.html#HIVConcepts-HIV.46C.46DE109\">HIV.C.DE109</a></td><td>Female</td><td>Female client</td></tr></table></li></ul></div>"
  },
  "url" : "http://smart.who.int/hiv/ValueSet/HIV.C.DE107",
  "version" : "0.1.0",
  "name" : "HIVCDE107",
  "title" : "Sex factor for estimating creatinine clearance ValueSet",
  "status" : "active",
  "experimental" : true,
  "date" : "2024-06-29T18:14:02+00:00",
  "publisher" : "WHO",
  "contact" : [{
    "name" : "WHO",
    "telecom" : [{
      "system" : "url",
      "value" : "http://who.int"
    }]
  }],
  "description" : "Value set of value used for gender for calculating creatinine clearance if required. For transgender populations, the sex at birth is used in the Cockcroft-Gault equation if the person is not using hormone therapy; among transgender populations using hormone therapy for more than three months, the current gender can be used.",
  "compose" : {
    "include" : [{
      "system" : "http://smart.who.int/hiv/CodeSystem/HIVConcepts",
      "concept" : [{
        "code" : "HIV.C.DE108",
        "display" : "Male"
      },
      {
        "code" : "HIV.C.DE109",
        "display" : "Female"
      }]
    }]
  }
}