{
  "resourceType" : "ValueSet",
  "id" : "HIV.D.DE869",
  "meta" : {
    "profile" : ["http://hl7.org/fhir/uv/crmi/StructureDefinition/crmi-shareablevalueset",
    "http://hl7.org/fhir/uv/crmi/StructureDefinition/crmi-publishablevalueset",
    "http://hl7.org/fhir/uv/crmi/StructureDefinition/crmi-computablevalueset"]
  },
  "text" : {
    "status" : "extensions",
    "div" : "<div xmlns=\"http://www.w3.org/1999/xhtml\"><p class=\"res-header-id\"><b>Generated Narrative: ValueSet HIV.D.DE869</b></p><a name=\"HIV.D.DE869\"> </a><a name=\"hcHIV.D.DE869\"> </a><a name=\"hcHIV.D.DE869-en-US\"> </a><ul><li>Include these codes as defined in <a href=\"CodeSystem-HIVConcepts.html\"><code>http://smart.who.int/hiv/CodeSystem/HIVConcepts</code></a><table class=\"none\"><tr><td style=\"white-space:nowrap\"><b>Code</b></td><td><b>Display</b></td><td><b>Definition</b></td></tr><tr><td><a href=\"CodeSystem-HIVConcepts.html#HIVConcepts-HIV.46D.46DE870\">HIV.D.DE870</a></td><td>Treponemal</td><td>Treponemal test used </td></tr><tr><td><a href=\"CodeSystem-HIVConcepts.html#HIVConcepts-HIV.46D.46DE871\">HIV.D.DE871</a></td><td>Non-treponemal</td><td>Non-treponemal test used</td></tr><tr><td><a href=\"CodeSystem-HIVConcepts.html#HIVConcepts-HIV.46D.46DE872\">HIV.D.DE872</a></td><td>POC Test</td><td>Point-of-care (POC) test used</td></tr><tr><td><a href=\"CodeSystem-HIVConcepts.html#HIVConcepts-HIV.46D.46DE873\">HIV.D.DE873</a></td><td>NAAT</td><td>Nucleic Acid Amplification Test (NAAT) used</td></tr><tr><td><a href=\"CodeSystem-HIVConcepts.html#HIVConcepts-HIV.46D.46DE874\">HIV.D.DE874</a></td><td>Other</td><td>Other test used</td></tr></table></li></ul></div>"
  },
  "url" : "http://smart.who.int/hiv/ValueSet/HIV.D.DE869",
  "version" : "0.1.0",
  "name" : "HIVDDE869",
  "title" : "Confirmatory syphilis test type ValueSet",
  "status" : "active",
  "experimental" : true,
  "date" : "2024-06-29T18:14:02+00:00",
  "publisher" : "WHO",
  "contact" : [{
    "name" : "WHO",
    "telecom" : [{
      "system" : "url",
      "value" : "http://who.int"
    }]
  }],
  "description" : "Value set of type of test ued for confirmatory syphilis test",
  "compose" : {
    "include" : [{
      "system" : "http://smart.who.int/hiv/CodeSystem/HIVConcepts",
      "concept" : [{
        "code" : "HIV.D.DE870",
        "display" : "Treponemal"
      },
      {
        "code" : "HIV.D.DE871",
        "display" : "Non-treponemal"
      },
      {
        "code" : "HIV.D.DE872",
        "display" : "POC Test"
      },
      {
        "code" : "HIV.D.DE873",
        "display" : "NAAT"
      },
      {
        "code" : "HIV.D.DE874",
        "display" : "Other"
      }]
    }]
  }
}