{
  "resourceType" : "ValueSet",
  "id" : "HIV.B.DE18",
  "meta" : {
    "profile" : ["http://hl7.org/fhir/uv/crmi/StructureDefinition/crmi-shareablevalueset",
    "http://hl7.org/fhir/uv/crmi/StructureDefinition/crmi-publishablevalueset",
    "http://hl7.org/fhir/uv/crmi/StructureDefinition/crmi-computablevalueset"]
  },
  "text" : {
    "status" : "extensions",
    "div" : "<div xmlns=\"http://www.w3.org/1999/xhtml\"><p class=\"res-header-id\"><b>Generated Narrative: ValueSet HIV.B.DE18</b></p><a name=\"HIV.B.DE18\"> </a><a name=\"hcHIV.B.DE18\"> </a><a name=\"hcHIV.B.DE18-en-US\"> </a><ul><li>Include these codes as defined in <a href=\"CodeSystem-HIVConcepts.html\"><code>http://smart.who.int/hiv/CodeSystem/HIVConcepts</code></a><table class=\"none\"><tr><td style=\"white-space:nowrap\"><b>Code</b></td><td><b>Display</b></td><td><b>Definition</b></td></tr><tr><td><a href=\"CodeSystem-HIVConcepts.html#HIVConcepts-HIV.46B.46DE19\">HIV.B.DE19</a></td><td>Mobile testing (e.g. through vans or temporary testing facilities)</td><td>The client tested through mobile testing, such as through vans or temporary testing facilities</td></tr><tr><td><a href=\"CodeSystem-HIVConcepts.html#HIVConcepts-HIV.46B.46DE20\">HIV.B.DE20</a></td><td>Voluntary counselling and testing centres (not within a health facility setting)</td><td>The client tested at a voluntary counselling and testing centre (not in a health facility setting)</td></tr><tr><td><a href=\"CodeSystem-HIVConcepts.html#HIVConcepts-HIV.46B.46DE21\">HIV.B.DE21</a></td><td>Other community-based testing</td><td>The client tested through another type of community-based testing</td></tr></table></li></ul></div>"
  },
  "url" : "http://smart.who.int/hiv/ValueSet/HIV.B.DE18",
  "version" : "0.1.0",
  "name" : "HIVBDE18",
  "title" : "Entry point for community-level testing ValueSet",
  "status" : "active",
  "experimental" : true,
  "date" : "2024-06-29T17:44:13+00:00",
  "publisher" : "WHO",
  "contact" : [{
    "name" : "WHO",
    "telecom" : [{
      "system" : "url",
      "value" : "http://who.int"
    }]
  }],
  "description" : "Value set of specific point in the community where testing is happening",
  "compose" : {
    "include" : [{
      "system" : "http://smart.who.int/hiv/CodeSystem/HIVConcepts",
      "concept" : [{
        "code" : "HIV.B.DE19",
        "display" : "Mobile testing (e.g. through vans or temporary testing facilities)"
      },
      {
        "code" : "HIV.B.DE20",
        "display" : "Voluntary counselling and testing centres (not within a health facility setting)"
      },
      {
        "code" : "HIV.B.DE21",
        "display" : "Other community-based testing"
      }]
    }]
  }
}