{
  "resourceType" : "ValueSet",
  "id" : "HIV.G.DE43",
  "meta" : {
    "profile" : ["http://hl7.org/fhir/uv/crmi/StructureDefinition/crmi-shareablevalueset",
    "http://hl7.org/fhir/uv/crmi/StructureDefinition/crmi-publishablevalueset",
    "http://hl7.org/fhir/uv/crmi/StructureDefinition/crmi-computablevalueset"]
  },
  "text" : {
    "status" : "extensions",
    "div" : "<div xmlns=\"http://www.w3.org/1999/xhtml\"><p class=\"res-header-id\"><b>Generated Narrative: ValueSet HIV.G.DE43</b></p><a name=\"HIV.G.DE43\"> </a><a name=\"hcHIV.G.DE43\"> </a><a name=\"hcHIV.G.DE43-en-US\"> </a><ul><li>Include these codes as defined in <a href=\"CodeSystem-HIVConcepts.html\"><code>http://smart.who.int/hiv/CodeSystem/HIVConcepts</code></a><table class=\"none\"><tr><td style=\"white-space:nowrap\"><b>Code</b></td><td><b>Display</b></td><td><b>Definition</b></td></tr><tr><td><a href=\"CodeSystem-HIVConcepts.html#HIVConcepts-HIV.46G.46DE44\">HIV.G.DE44</a></td><td>Positive</td><td>HCV test result was positive</td></tr><tr><td><a href=\"CodeSystem-HIVConcepts.html#HIVConcepts-HIV.46G.46DE45\">HIV.G.DE45</a></td><td>Negative</td><td>HCV test result was negative</td></tr><tr><td><a href=\"CodeSystem-HIVConcepts.html#HIVConcepts-HIV.46G.46DE46\">HIV.G.DE46</a></td><td>Indeterminate</td><td>HCV test result was indeterminate</td></tr></table></li></ul></div>"
  },
  "url" : "http://smart.who.int/hiv/ValueSet/HIV.G.DE43",
  "version" : "0.1.0",
  "name" : "HIVGDE43",
  "title" : "HCV test result ValueSet",
  "status" : "active",
  "experimental" : true,
  "date" : "2024-06-29T17:44:13+00:00",
  "publisher" : "WHO",
  "contact" : [{
    "name" : "WHO",
    "telecom" : [{
      "system" : "url",
      "value" : "http://who.int"
    }]
  }],
  "description" : "Value set of hepatitis C virus test result (HCV antibody, HCV RNA or HCV core antigen)",
  "compose" : {
    "include" : [{
      "system" : "http://smart.who.int/hiv/CodeSystem/HIVConcepts",
      "concept" : [{
        "code" : "HIV.G.DE44",
        "display" : "Positive"
      },
      {
        "code" : "HIV.G.DE45",
        "display" : "Negative"
      },
      {
        "code" : "HIV.G.DE46",
        "display" : "Indeterminate"
      }]
    }]
  }
}