{
  "resourceType" : "ValueSet",
  "id" : "HIV.D.DE217",
  "meta" : {
    "profile" : ["http://hl7.org/fhir/uv/crmi/StructureDefinition/crmi-shareablevalueset",
    "http://hl7.org/fhir/uv/crmi/StructureDefinition/crmi-publishablevalueset",
    "http://hl7.org/fhir/uv/crmi/StructureDefinition/crmi-computablevalueset"]
  },
  "text" : {
    "status" : "extensions",
    "div" : "<div xmlns=\"http://www.w3.org/1999/xhtml\"><p class=\"res-header-id\"><b>Generated Narrative: ValueSet HIV.D.DE217</b></p><a name=\"HIV.D.DE217\"> </a><a name=\"hcHIV.D.DE217\"> </a><a name=\"hcHIV.D.DE217-en-US\"> </a><ul><li>Include these codes as defined in <a href=\"CodeSystem-HIVConcepts.html\"><code>http://smart.who.int/hiv/CodeSystem/HIVConcepts</code></a><table class=\"none\"><tr><td style=\"white-space:nowrap\"><b>Code</b></td><td><b>Display</b></td><td><b>Definition</b></td></tr><tr><td><a href=\"CodeSystem-HIVConcepts.html#HIVConcepts-HIV.46D.46DE218\">HIV.D.DE218</a></td><td>Toxicity/side effects</td><td>Client stopped ART because of toxicity/side effects</td></tr><tr><td><a href=\"CodeSystem-HIVConcepts.html#HIVConcepts-HIV.46D.46DE219\">HIV.D.DE219</a></td><td>Severe illness, hospitalization</td><td>Client stopped ART because of severe illness, hospitalization</td></tr><tr><td><a href=\"CodeSystem-HIVConcepts.html#HIVConcepts-HIV.46D.46DE220\">HIV.D.DE220</a></td><td>Drugs out of stock</td><td>Client stopped ART because drugs were out of stock</td></tr><tr><td><a href=\"CodeSystem-HIVConcepts.html#HIVConcepts-HIV.46D.46DE221\">HIV.D.DE221</a></td><td>Client lacks finances</td><td>Client stopped ART because of lack of finances</td></tr><tr><td><a href=\"CodeSystem-HIVConcepts.html#HIVConcepts-HIV.46D.46DE222\">HIV.D.DE222</a></td><td>Excluded HIV infection in infant</td><td>Client stopped ART because HIV infection in infant was excluded</td></tr><tr><td><a href=\"CodeSystem-HIVConcepts.html#HIVConcepts-HIV.46D.46DE223\">HIV.D.DE223</a></td><td>Other reason for stopping ART</td><td>Client stopped ART because of other reason</td></tr></table></li></ul></div>"
  },
  "url" : "http://smart.who.int/hiv/ValueSet/HIV.D.DE217",
  "version" : "0.1.0",
  "name" : "HIVDDE217",
  "title" : "Reason ART stopped ValueSet",
  "status" : "active",
  "experimental" : true,
  "date" : "2024-06-29T18:14:02+00:00",
  "publisher" : "WHO",
  "contact" : [{
    "name" : "WHO",
    "telecom" : [{
      "system" : "url",
      "value" : "http://who.int"
    }]
  }],
  "description" : "Value set of reason client intentionally stopped ART",
  "compose" : {
    "include" : [{
      "system" : "http://smart.who.int/hiv/CodeSystem/HIVConcepts",
      "concept" : [{
        "code" : "HIV.D.DE218",
        "display" : "Toxicity/side effects"
      },
      {
        "code" : "HIV.D.DE219",
        "display" : "Severe illness, hospitalization"
      },
      {
        "code" : "HIV.D.DE220",
        "display" : "Drugs out of stock"
      },
      {
        "code" : "HIV.D.DE221",
        "display" : "Client lacks finances"
      },
      {
        "code" : "HIV.D.DE222",
        "display" : "Excluded HIV infection in infant"
      },
      {
        "code" : "HIV.D.DE223",
        "display" : "Other reason for stopping ART"
      }]
    }]
  }
}