{
  "resourceType" : "ValueSet",
  "id" : "HIV.C.DE164",
  "meta" : {
    "profile" : ["http://hl7.org/fhir/uv/crmi/StructureDefinition/crmi-shareablevalueset",
    "http://hl7.org/fhir/uv/crmi/StructureDefinition/crmi-publishablevalueset",
    "http://hl7.org/fhir/uv/crmi/StructureDefinition/crmi-computablevalueset"]
  },
  "text" : {
    "status" : "extensions",
    "div" : "<div xmlns=\"http://www.w3.org/1999/xhtml\"><p class=\"res-header-id\"><b>Generated Narrative: ValueSet HIV.C.DE164</b></p><a name=\"HIV.C.DE164\"> </a><a name=\"hcHIV.C.DE164\"> </a><a name=\"hcHIV.C.DE164-en-US\"> </a><ul><li>Include these codes as defined in <a href=\"CodeSystem-HIVConcepts.html\"><code>http://smart.who.int/hiv/CodeSystem/HIVConcepts</code></a><table class=\"none\"><tr><td style=\"white-space:nowrap\"><b>Code</b></td><td><b>Display</b></td><td><b>Definition</b></td></tr><tr><td><a href=\"CodeSystem-HIVConcepts.html#HIVConcepts-HIV.46C.46DE165\">HIV.C.DE165</a></td><td>Mental health services</td><td>Offer or refer for mental health services</td></tr><tr><td><a href=\"CodeSystem-HIVConcepts.html#HIVConcepts-HIV.46C.46DE166\">HIV.C.DE166</a></td><td>Psychosocial counselling, support and treatment adherence counselling</td><td>Offer or refer for psychosocial counselling, support and treatment adherence counselling</td></tr><tr><td><a href=\"CodeSystem-HIVConcepts.html#HIVConcepts-HIV.46C.46DE167\">HIV.C.DE167</a></td><td>Support for disclosure and partner services</td><td>Offer or refer for support for disclosure and partner services</td></tr><tr><td><a href=\"CodeSystem-HIVConcepts.html#HIVConcepts-HIV.46C.46DE168\">HIV.C.DE168</a></td><td>Legal and social services</td><td>Offer or refer for legal and social services</td></tr><tr><td><a href=\"CodeSystem-HIVConcepts.html#HIVConcepts-HIV.46C.46DE169\">HIV.C.DE169</a></td><td>Services for responding to violence against women</td><td>Offer or refer for services for responding to violence against women, including first-line support and psychosocial support, post-rape care and other support services including shelters, legal services and women and child protection services</td></tr></table></li></ul></div>"
  },
  "url" : "http://smart.who.int/hiv/ValueSet/HIV.C.DE164",
  "version" : "0.1.0",
  "name" : "HIVCDE164",
  "title" : "Other support services ValueSet",
  "status" : "active",
  "experimental" : true,
  "date" : "2024-06-29T17:44:13+00:00",
  "publisher" : "WHO",
  "contact" : [{
    "name" : "WHO",
    "telecom" : [{
      "system" : "url",
      "value" : "http://who.int"
    }]
  }],
  "description" : "Value set of offer or refer for other support services",
  "compose" : {
    "include" : [{
      "system" : "http://smart.who.int/hiv/CodeSystem/HIVConcepts",
      "concept" : [{
        "code" : "HIV.C.DE165",
        "display" : "Mental health services"
      },
      {
        "code" : "HIV.C.DE166",
        "display" : "Psychosocial counselling, support and treatment adherence counselling"
      },
      {
        "code" : "HIV.C.DE167",
        "display" : "Support for disclosure and partner services"
      },
      {
        "code" : "HIV.C.DE168",
        "display" : "Legal and social services"
      },
      {
        "code" : "HIV.C.DE169",
        "display" : "Services for responding to violence against women"
      }]
    }]
  }
}